Rk,Name,Age,Tm,Lg,G,PA,AB,R,H,2B,3B,HR,RBI,SB,CS,BB,SO,BA,OBP,SLG,OPS,OPS+,TB,GDP,HBP,SH,SF,IBB,Pos Summary,Name-additional
1,CJ Abrams*,22,WSN,NL,138,553,507,76,124,22,5,18,57,41,4,28,110,.245,.300,.414,.714,96,210,6,13,3,2,2,*6/H,abramcj01
2,José Abreu,36,HOU,AL,128,539,490,55,115,19,0,15,79,0,1,39,116,.235,.295,.365,.660,82,179,14,5,0,5,1,*3/D,abreujo02
3,Wilyer Abreu*,24,BOS,AL,19,61,54,8,20,5,0,1,10,3,1,7,15,.370,.443,.519,.961,158,28,0,0,0,0,0,/87H9D,abreuwi02
4,Ronald Acuna Jr.,25,ATL,NL,147,685,597,135,201,32,3,37,98,66,13,78,78,.337,.418,.586,1.004,166,350,15,7,0,3,3,*9/D,acunaro01
5,Willy Adames,27,MIL,NL,136,584,509,67,108,23,2,24,77,4,3,61,151,.212,.301,.407,.707,92,207,11,6,0,6,0,*6/D,adamewi01
6,Jordyn Adams,23,LAA,AL,17,40,39,1,5,0,0,0,1,1,2,0,16,.128,.125,.128,.253,-31,5,0,0,0,1,0,/98H7,adamsjo03
7,Riley Adams,27,WSN,NL,44,158,143,8,39,13,2,4,21,0,0,11,45,.273,.331,.476,.807,121,68,5,2,1,1,0,2/HD,adamsri03
8,Ty Adcock,26,SEA,AL,1,0,0,0,0,0,0,0,0,0,0,0,0,,,,,,0,0,0,0,0,0,1,adcocty01
9,Jo Adell,24,LAA,AL,5,14,13,2,3,1,1,1,3,0,0,1,6,.231,.286,.692,.978,153,9,0,0,0,0,0,/8D7H9,adelljo01
10,Ehire Adrianza#,33,ATL,NL,5,11,10,0,0,0,0,0,0,0,0,1,4,.000,.091,.000,.091,-72,0,0,0,0,0,0,/H6,adriaeh01
11,Jesús Aguilar,33,OAK,AL,36,115,104,8,23,2,0,5,9,0,0,8,31,.221,.281,.385,.665,87,40,3,1,0,1,2,3/DH,aguilje01
12,Nick Ahmed,33,ARI,NL,72,210,198,14,42,10,1,2,17,5,1,12,52,.212,.257,.303,.560,53,60,0,0,0,0,0,6H/D,ahmedni01
13,Hanser Alberto,30,CHW,AL,30,90,82,11,18,5,0,3,16,0,0,4,13,.220,.261,.390,.652,75,32,1,1,2,1,0,54/31H,alberha01
14,Ozzie Albies#,26,ATL,NL,134,592,535,83,142,23,4,30,97,12,0,40,96,.265,.322,.492,.814,114,263,8,8,0,7,2,*4,albieoz01
15,Scott Alexander*,33,SFG,NL,1,0,0,0,0,0,0,0,0,0,0,0,0,,,,,,0,0,0,0,0,0,1,alexasc02
16,Jorge Alfaro,30,TOT,MLB,18,52,48,2,7,4,0,1,4,0,0,2,15,.146,.212,.292,.503,31,14,3,2,0,0,0,/D2H,alfarjo01
17,Jorge Alfaro,30,COL,NL,10,32,31,2,5,4,0,1,4,0,0,0,12,.161,.188,.387,.575,44,12,2,1,0,0,0,/DH2,alfarjo01
18,Jorge Alfaro,30,BOS,AL,8,20,17,0,2,0,0,0,0,0,0,2,3,.118,.250,.118,.368,5,2,1,1,0,0,0,/2DH,alfarjo01
19,Greg Allen#,30,NYY,AL,22,28,23,6,5,1,1,1,1,3,1,2,10,.217,.333,.478,.812,119,11,0,2,1,0,0,7H/98D,allengr01
20,Nick Allen,24,OAK,AL,93,286,263,25,56,3,1,4,18,5,1,15,44,.213,.256,.278,.534,53,73,6,1,5,2,0,6/H4D,allenni02
21,Abraham Almonte#,34,NYM,NL,8,16,15,1,1,1,0,0,0,0,0,1,8,.067,.125,.133,.258,-28,2,0,0,0,0,0,/HD79,almonab01
22,Pete Alonso,28,NYM,NL,140,596,512,86,115,18,2,45,112,4,1,63,131,.225,.329,.531,.860,133,272,16,18,0,3,5,*3/D,alonspe01
23,Jose Altuve,33,HOU,AL,77,349,304,70,93,16,2,17,45,13,2,40,60,.306,.393,.539,.932,155,164,7,4,0,1,0,4/DH,altuvjo01
24,Jake Alu*,26,WSN,NL,40,139,130,9,29,1,0,1,12,4,1,6,35,.223,.266,.254,.520,46,33,2,2,0,1,0,47/5H,aluja01
25,Francisco Alvarez,21,NYM,NL,111,390,352,48,77,11,0,23,54,2,0,32,99,.219,.295,.446,.741,102,157,14,6,0,0,0,2H/D,alvarfr01
26,Yordan Alvarez*,26,HOU,AL,101,440,364,69,109,21,1,27,91,0,0,62,82,.299,.411,.585,.997,172,213,7,10,0,4,3,D7,alvaryo01
27,Jacob Amaya,24,MIA,NL,4,9,9,1,2,0,0,0,2,1,0,0,1,.222,.222,.222,.444,22,2,0,0,0,0,0,/64,amayaja01
28,Miguel Amaya,24,CHC,NL,48,144,119,17,27,4,0,5,18,0,0,12,38,.227,.350,.387,.736,99,46,2,11,1,1,0,2/DH,amayami01
29,Brian Anderson,30,MIL,NL,94,356,313,37,70,11,3,9,40,0,3,36,107,.224,.309,.364,.673,84,114,10,4,0,3,0,59/HD,anderbr06
30,Tim Anderson,30,CHW,AL,114,487,457,50,112,18,2,1,25,13,1,25,114,.245,.287,.300,.587,61,137,15,3,0,2,0,*6/H4,anderti01
31,Elvis Andrus,34,CHW,AL,103,370,338,37,87,17,1,6,41,12,4,25,61,.257,.314,.367,.681,85,124,9,4,1,2,1,46/H5D,andruel01
32,Miguel Andujar,28,PIT,NL,22,65,61,8,15,4,0,3,12,1,0,4,9,.246,.292,.459,.751,100,28,1,0,0,0,0,9/DH,andujmi01
33,Jonathan Aranda*,25,TBR,AL,24,71,57,10,12,2,1,1,5,0,0,12,22,.211,.352,.333,.685,93,19,1,1,0,1,1,/3DH45,arandjo01
34,Jonathan Araúz#,24,NYM,NL,26,65,58,3,8,0,0,3,9,0,0,5,18,.138,.206,.293,.499,37,17,1,0,2,0,0,5/46H,arauzjo01
35,Orlando Arcia,28,ATL,NL,127,487,448,62,121,24,0,17,59,1,0,34,92,.270,.324,.438,.762,102,196,14,3,0,2,0,*6/H,arciaor01
36,Nolan Arenado,32,STL,NL,140,597,546,71,147,25,2,26,90,3,3,41,99,.269,.320,.465,.785,113,254,20,3,0,7,5,*5D/H,arenano01
37,Gabriel Arias,23,CLE,AL,115,319,291,34,62,14,0,9,21,3,4,28,105,.213,.282,.354,.636,77,103,9,0,0,0,0,63H95/D4,ariasga01
38,Randy Arozarena,28,TBR,AL,143,619,521,90,136,17,3,22,81,22,10,76,143,.261,.370,.432,.802,123,225,8,17,0,5,1,*7D/H,arozara01
39,Luis Arraez*,26,MIA,NL,142,601,558,68,196,30,3,10,67,3,2,35,34,.351,.392,.470,.861,134,262,17,4,1,3,10,*43/HD,arraelu01
40,Christian Arroyo,28,BOS,AL,66,206,195,23,47,16,0,3,24,1,3,7,45,.241,.268,.369,.638,70,72,8,1,1,2,0,4/H56,arroych01
41,José Azocar,27,SDP,NL,44,74,67,12,18,4,0,1,8,7,2,2,17,.269,.300,.373,.673,88,25,0,1,4,0,0,9H8/7D,azocajo01
42,Akil Baddoo*,24,DET,AL,102,331,291,37,65,12,0,10,31,12,3,37,84,.223,.310,.368,.678,86,107,3,0,2,1,2,7H/89D,baddoak01
43,Harrison Bader,29,TOT,MLB,97,341,316,44,74,12,2,7,40,20,3,17,59,.234,.276,.351,.628,70,111,7,3,1,4,0,8/HD,baderha01
44,Harrison Bader,29,NYY,AL,84,310,288,40,69,11,2,7,37,17,2,14,56,.240,.278,.365,.643,74,105,6,3,1,4,0,8/H,baderha01
45,Harrison Bader,29,CIN,NL,13,31,28,4,5,1,0,0,3,3,1,3,3,.179,.258,.214,.472,29,6,1,0,0,0,0,8/HD,baderha01
46,Ji Hwan Bae*,23,PIT,NL,102,339,305,51,73,16,1,2,28,23,7,27,82,.239,.304,.318,.622,70,97,4,2,3,2,0,48H/6,baeji01
47,Javier Báez,30,DET,AL,128,517,481,56,105,14,4,9,58,12,0,23,122,.218,.266,.320,.586,60,154,11,9,0,3,0,*6/DH,baezja01
48,Patrick Bailey#,24,SFG,NL,88,322,295,29,74,17,1,7,46,1,0,21,90,.251,.306,.386,.693,90,114,6,3,2,1,0,2/HD,bailepa01
49,Bryan Baker,28,BAL,AL,2,0,0,0,0,0,0,0,0,0,0,0,0,,,,,,0,0,0,0,0,0,1,bakerbr01
50,Luken Baker,26,STL,NL,21,55,52,4,11,1,0,1,4,0,0,3,21,.212,.255,.288,.543,49,15,1,0,0,0,0,D/3H,bakerlu01
51,Rylan Bannon,27,HOU,AL,2,6,6,0,0,0,0,0,0,0,0,0,3,.000,.000,.000,.000,-100,0,0,0,0,0,0,/4D,bannory01
52,Scott Barlow,30,TOT,MLB,1,0,0,0,0,0,0,0,0,0,0,0,0,,,,,,0,0,0,0,0,0,1,barlosc01
53,Scott Barlow,30,KCR,AL,1,0,0,0,0,0,0,0,0,0,0,0,0,,,,,,0,0,0,0,0,0,1,barlosc01
54,Austin Barnes,33,LAD,NL,53,178,161,10,27,4,0,1,9,2,1,12,40,.168,.232,.211,.443,21,34,7,2,1,2,0,2/H4D,barneau01
55,Tucker Barnhart*,32,CHC,NL,44,123,109,6,22,3,0,1,9,1,0,12,42,.202,.285,.257,.541,49,28,4,1,0,1,0,2/1H,barnhtu01
56,Tres Barrera,28,STL,NL,6,2,2,0,0,0,0,0,0,0,0,0,0,.000,.000,.000,.000,-100,0,0,0,0,0,0,/2H,barretr01
57,Jose Barrero,25,CIN,NL,46,149,133,15,29,8,0,2,17,3,2,15,44,.218,.295,.323,.619,66,43,1,0,0,1,0,68/HD,garcijo02
58,Joey Bart,26,SFG,NL,30,95,87,9,18,5,0,0,5,0,0,3,23,.207,.263,.264,.528,47,23,0,4,0,1,0,2/H,bartjo01
59,Osleivis Basabe,22,TBR,AL,23,77,71,11,15,4,0,1,10,0,1,5,19,.211,.273,.310,.583,62,22,2,1,0,0,0,6/5H4,basabos01
60,Matthew Batten,28,SDP,NL,30,89,79,15,20,5,0,2,8,1,1,9,15,.253,.330,.392,.722,102,31,0,0,1,0,0,54/3HD6,battema01
61,Brett Baty*,23,NYM,NL,97,348,312,35,66,11,0,7,29,2,0,29,98,.212,.282,.314,.596,66,98,7,2,1,1,0,5/HD7,batybr01
62,Jake Bauers*,27,NYY,AL,79,255,227,25,45,14,0,11,27,3,2,25,91,.198,.275,.405,.680,83,92,3,0,0,3,0,973H/D,bauerja01
63,Mike Baumann,27,BAL,AL,1,0,0,0,0,0,0,0,0,0,0,0,0,,,,,,0,0,0,0,0,0,1,baumami01
64,Matt Beaty*,30,TOT,MLB,30,72,61,8,14,4,0,0,4,0,0,6,14,.230,.347,.295,.642,80,18,1,5,0,0,0,3H/D91,beatyma01
65,Matt Beaty*,30,SFG,NL,4,5,5,1,1,0,0,0,1,0,0,0,2,.200,.200,.200,.400,11,1,0,0,0,0,0,/DH1,beatyma01
66,Matt Beaty*,30,KCR,AL,26,67,56,7,13,4,0,0,3,0,0,6,12,.232,.358,.304,.662,86,17,1,5,0,0,0,3/HD9,beatyma01
67,Josh Bell#,30,TOT,MLB,138,566,503,46,122,24,0,20,65,0,1,58,126,.243,.321,.410,.730,101,206,11,1,0,2,1,D3/H,belljo02
68,Josh Bell#,30,CLE,AL,97,393,347,26,81,19,0,11,48,0,1,43,81,.233,.318,.383,.701,95,133,7,1,0,2,1,D3/H,belljo02
69,Josh Bell#,30,MIA,NL,41,173,156,20,41,5,0,9,17,0,0,15,45,.263,.327,.468,.795,114,73,4,0,0,0,0,D3,belljo02
70,Cody Bellinger*,27,CHC,NL,118,502,453,88,142,25,1,25,91,20,6,34,80,.313,.359,.539,.897,138,244,5,4,0,11,3,83/DH,bellico01
71,Brandon Belt*,35,TOR,AL,97,382,319,50,80,22,0,16,38,0,0,60,134,.251,.369,.470,.839,131,150,5,1,0,2,1,D3/H,beltbr01
72,Anthony Bemboom*,33,BAL,AL,6,13,11,0,2,0,0,0,0,0,0,2,2,.182,.308,.182,.490,43,2,0,0,0,0,0,/2,bemboan01
73,Andrew Benintendi*,28,CHW,AL,140,579,523,70,139,32,2,5,44,13,1,49,84,.266,.330,.363,.694,90,190,11,3,1,3,5,*7/HD,beninan01
74,Will Benson*,25,CIN,NL,96,295,257,45,69,15,6,10,27,15,2,37,93,.268,.363,.490,.853,126,126,3,1,0,0,0,79H/8D,bensowi01
75,José Berríos,29,TOR,AL,1,0,0,0,0,0,0,0,0,0,0,0,0,,,,,,0,0,0,0,0,0,1,berrijo01
76,Jon Berti,33,MIA,NL,121,379,353,45,97,14,2,3,27,14,5,20,74,.275,.313,.351,.664,81,124,10,1,2,3,2,65H74/D9,bertijo01
77,Christian Bethancourt,31,TBR,AL,98,314,297,46,67,15,0,9,31,1,0,13,88,.226,.256,.367,.623,71,109,6,0,1,3,0,2/HD1,bethach01
78,Mookie Betts,30,LAD,NL,139,639,539,121,167,37,1,39,103,13,3,87,103,.310,.410,.599,1.009,169,323,5,8,0,5,3,*946/H,bettsmo01
79,Bo Bichette,25,TOR,AL,122,541,515,57,157,28,2,18,65,3,3,23,102,.305,.336,.472,.808,121,243,13,2,0,1,0,*6/DH,bichebo01
80,Cavan Biggio*,28,TOR,AL,98,280,241,45,55,10,0,9,34,5,2,31,77,.228,.329,.382,.710,97,92,0,6,0,2,0,4H935/D6,biggica01
81,Charlie Blackmon*,36,COL,NL,83,359,309,52,87,19,5,7,36,1,1,36,46,.282,.370,.443,.814,111,137,5,10,0,4,0,D9/H,blackch02
82,Dairon Blanco,30,KCR,AL,57,126,113,16,26,6,4,2,17,22,5,10,31,.230,.304,.407,.711,93,46,2,2,1,0,0,79H/8D,blancda02
83,Travis Blankenhorn*,26,WSN,NL,10,37,31,2,5,0,0,1,1,0,0,6,6,.161,.297,.258,.555,57,8,0,0,0,0,0,/79,blanktr01
84,JJ Bleday*,25,OAK,AL,77,284,241,34,49,11,0,10,27,5,1,38,66,.203,.313,.373,.687,95,90,3,2,0,3,0,789/HD,bledajj01
85,Xander Bogaerts,30,SDP,NL,142,605,543,70,149,28,0,18,51,16,1,53,101,.274,.344,.425,.769,115,231,21,6,0,3,0,*6/DH,bogaexa01
86,Alec Bohm,26,PHI,NL,133,558,508,67,142,30,0,16,90,4,1,40,87,.280,.335,.433,.768,109,220,21,5,0,5,0,53/DH,bohmal01
87,Sean Bouchard,27,COL,NL,11,20,16,3,3,0,0,0,3,0,1,3,8,.188,.300,.188,.488,32,3,0,0,0,1,0,/97H,bouchse01
88,Jackie Bradley Jr.*,33,KCR,AL,43,113,105,10,14,5,0,1,6,0,0,5,29,.133,.188,.210,.397,9,22,3,2,1,0,0,89/7H,bradlja02
89,Michael Brantley*,36,HOU,AL,11,39,37,6,11,1,0,2,6,0,0,1,2,.297,.308,.486,.794,116,18,1,0,0,1,0,/7DH,brantmi02
90,Matt Brash,25,SEA,AL,1,0,0,0,0,0,0,0,0,0,0,0,0,,,,,,0,0,0,0,0,0,1,brashma01
91,Ryan Brasier,35,TOT,MLB,1,0,0,0,0,0,0,0,0,0,0,0,0,,,,,,0,0,0,0,0,0,1,brasiry01
92,Ryan Brasier,35,LAD,NL,1,0,0,0,0,0,0,0,0,0,0,0,0,,,,,,0,0,0,0,0,0,1,brasiry01
93,Alex Bregman,29,HOU,AL,148,664,574,96,155,27,3,23,95,3,0,81,82,.270,.366,.448,.814,125,257,21,7,0,2,1,*5/D,bregmal01
94,Will Brennan*,25,CLE,AL,127,418,397,36,106,23,0,5,40,12,5,14,54,.267,.299,.363,.662,84,144,4,5,0,2,1,*9H8/7D,brennwi02
95,Jonah Bride,27,OAK,AL,40,106,88,9,15,3,0,0,7,0,1,11,22,.170,.286,.205,.490,44,18,3,4,1,2,0,5/HD3,bridejo01
96,Mike Brosseau,29,MIL,NL,29,78,73,4,15,2,0,4,8,0,0,4,20,.205,.256,.397,.654,76,29,2,1,0,0,0,5/H31D4,brossmi01
97,Seth Brown*,30,OAK,AL,101,347,314,30,69,18,1,13,49,2,1,28,93,.220,.286,.408,.694,95,128,5,2,1,2,1,97H3D,brownse01
98,Vidal Bruján#,25,TBR,AL,37,84,76,14,13,2,0,0,6,3,2,5,21,.171,.241,.197,.438,25,15,1,2,1,0,0,4H/695,brujavi01
99,Kris Bryant,31,COL,NL,71,301,267,34,68,8,0,10,30,0,0,28,54,.255,.339,.397,.736,91,106,5,6,0,0,0,9D/37,bryankr01
100,J.B. Bukauskas,26,TOT,MLB,1,0,0,0,0,0,0,0,0,0,0,0,0,,,,,,0,0,0,0,0,0,/1,bukaujb01
101,J.B. Bukauskas,26,SEA,AL,1,0,0,0,0,0,0,0,0,0,0,0,0,,,,,,0,0,0,0,0,0,/1,bukaujb01
102,Aaron Bummer*,29,CHW,AL,1,0,0,0,0,0,0,0,0,0,0,0,0,,,,,,0,0,0,0,0,0,1,bummeaa01
103,Peyton Burdick,26,MIA,NL,14,37,33,4,6,2,0,1,2,1,0,3,18,.182,.270,.333,.604,64,11,0,1,0,0,0,9/8H7,burdipe01
104,Jake Burger,27,TOT,MLB,129,494,449,67,110,26,1,32,72,1,1,30,139,.245,.306,.521,.827,120,234,3,11,0,4,0,5D/H34,burgeja01
105,Jake Burger,27,CHW,AL,88,323,294,44,63,15,1,25,52,1,1,22,102,.214,.279,.527,.806,113,155,3,5,0,2,0,5D/H34,burgeja01
106,Jake Burger,27,MIA,NL,41,171,155,23,47,11,0,7,20,0,0,8,37,.303,.357,.510,.866,133,79,0,6,0,2,0,5/D,burgeja01
107,Alec Burleson*,24,STL,NL,104,339,308,32,74,18,1,8,35,2,1,22,44,.240,.296,.383,.679,85,118,13,3,1,2,0,7HD39/1,burleal01
108,Michael Busch*,25,LAD,NL,27,81,72,9,12,3,0,2,7,1,0,8,27,.167,.247,.292,.539,45,21,0,0,0,1,0,5/D3H47,buschmi02
109,Lawrence Butler*,22,OAK,AL,30,91,87,6,19,2,0,4,9,0,0,3,24,.218,.253,.379,.632,77,33,3,1,0,0,0,8/H9,butlela01
110,Byron Buxton,29,MIN,AL,85,347,304,49,63,17,1,17,42,9,0,35,109,.207,.294,.438,.731,98,133,3,4,0,4,2,D/H,buxtoby01
111,José Caballero,26,SEA,AL,97,267,218,34,48,9,1,3,24,25,3,28,61,.220,.348,.312,.660,88,68,0,17,0,4,0,4H6/5D7,cabaljo01
112,Trey Cabbage*,26,LAA,AL,22,56,53,5,11,3,0,1,7,1,1,2,26,.208,.232,.321,.553,48,17,1,0,0,1,0,/39H78,cabbatr01
113,Génesis Cabrera*,26,TOT,MLB,2,0,0,0,0,0,0,0,0,0,0,0,0,,,,,,0,0,0,0,0,0,1,cabrege01
114,Génesis Cabrera*,26,STL,NL,2,0,0,0,0,0,0,0,0,0,0,0,0,,,,,,0,0,0,0,0,0,1,cabrege01
115,Miguel Cabrera,40,DET,AL,88,329,299,17,77,16,0,3,31,0,0,27,66,.258,.319,.341,.660,82,102,11,1,0,2,0,D/H,cabremi01
116,Oswaldo Cabrera#,24,NYY,AL,102,279,249,34,55,10,0,5,28,8,0,25,59,.221,.295,.321,.616,69,80,6,2,1,2,1,795H/46D38,cabreos01
117,Kole Calhoun*,35,CLE,AL,34,141,125,15,29,5,0,5,20,0,1,13,25,.232,.312,.392,.704,96,49,3,2,0,1,0,3/D9H,calhoko01
118,Willie Calhoun*,28,NYY,AL,44,149,134,16,32,7,0,5,16,0,0,14,20,.239,.309,.403,.712,93,54,2,0,0,1,1,D/9H7,calhowi01
119,Alex Call,28,WSN,NL,123,429,368,41,72,14,1,7,36,9,8,50,76,.196,.300,.296,.597,67,109,1,6,3,2,0,*87/9H,callal02
120,Johan Camargo#,29,SFG,NL,8,20,18,0,4,0,0,0,2,0,0,1,4,.222,.300,.222,.522,48,4,2,1,0,0,0,/65,camarjo01
121,Luis Campusano,24,SDP,NL,43,150,140,23,41,6,0,6,25,0,0,7,21,.293,.333,.464,.798,121,65,7,2,0,1,0,2/DH,campulu01
122,Alexander Canario,23,CHC,NL,1,1,1,0,0,0,0,0,0,0,0,0,1,.000,.000,.000,.000,-100,0,0,0,0,0,0,/DH,canaral01
123,Jeimer Candelario#,29,TOT,NL,135,555,486,75,123,38,3,21,69,8,1,51,121,.253,.338,.473,.811,121,230,11,13,0,4,1,*53/DH,candeje01
124,Jeimer Candelario#,29,WSN,NL,99,419,368,57,95,30,2,16,53,6,1,36,88,.258,.342,.481,.823,125,177,10,12,0,2,1,5/D,candeje01
125,Jeimer Candelario#,29,CHC,NL,36,136,118,18,28,8,1,5,16,2,0,15,33,.237,.324,.449,.773,106,53,1,1,0,2,0,35/DH,candeje01
126,Mark Canha,34,TOT,NL,127,454,388,47,104,22,1,11,55,8,1,46,73,.268,.361,.415,.776,114,161,10,14,0,6,1,7D93H/5,canhama01
127,Mark Canha,34,NYM,NL,89,303,257,28,63,15,1,6,29,7,0,32,52,.245,.343,.381,.725,101,98,8,9,0,5,0,7D39H/5,canhama01
128,Mark Canha,34,MIL,NL,38,151,131,19,41,7,0,5,26,1,1,14,21,.313,.397,.481,.878,139,63,2,5,0,1,1,D97/3H,canhama01
129,Yennier Cano,29,BAL,AL,1,0,0,0,0,0,0,0,0,0,0,0,0,,,,,,0,0,0,0,0,0,1,canoye01
130,Dominic Canzone*,25,TOT,MLB,51,166,157,22,34,12,0,5,16,1,0,8,29,.217,.259,.389,.648,78,61,5,1,0,0,0,7D9H,canzodo01
131,Dominic Canzone*,25,ARI,NL,15,41,38,4,9,2,0,1,8,0,0,2,8,.237,.293,.368,.661,80,14,1,1,0,0,0,/DH9,canzodo01
132,Dominic Canzone*,25,SEA,AL,36,125,119,18,25,10,0,4,8,1,0,6,21,.210,.248,.395,.643,77,47,4,0,0,0,0,7/9DH,canzodo01
133,Conner Capel*,26,OAK,AL,32,86,73,6,19,5,0,0,3,5,3,12,25,.260,.372,.329,.701,103,24,1,1,0,0,0,97/HD,capelco01
134,Vinny Capra,26,PIT,NL,9,21,18,3,3,1,0,0,1,0,0,2,5,.167,.250,.222,.472,30,4,0,0,1,0,0,/54H,capravi01
135,Victor Caratini#,29,MIL,NL,55,203,178,21,43,3,0,6,22,1,1,19,44,.242,.320,.360,.680,86,64,8,3,0,3,0,2/HD3,caratvi01
136,Dylan Carlson#,24,STL,NL,76,255,219,27,48,8,1,5,27,3,0,26,49,.219,.318,.333,.651,80,73,4,7,0,3,0,89/H7D,carlsdy01
137,Kerry Carpenter*,25,DET,AL,105,403,368,50,106,13,2,20,62,5,0,27,99,.288,.347,.497,.845,129,183,4,7,0,1,2,9D7/H,carpeke01
138,Matt Carpenter*,37,SDP,NL,76,237,188,18,33,12,0,5,31,1,0,41,67,.176,.322,.319,.641,82,60,2,2,0,5,0,DH3,carpema01
139,Corbin Carroll*,22,ARI,NL,144,594,519,104,145,26,9,24,70,47,5,53,116,.279,.357,.503,.860,132,261,7,12,6,4,1,*798/HD,carroco02
140,Evan Carter*,20,TEX,AL,9,29,23,6,7,1,0,1,3,2,0,5,10,.304,.414,.478,.892,143,11,1,0,0,1,0,/789H,carteev01
141,Curt Casali,34,CIN,NL,40,96,80,8,14,2,0,0,6,0,0,11,23,.175,.290,.200,.490,36,16,1,2,3,0,0,2/35,casalcu01
142,Triston Casas*,23,BOS,AL,132,502,429,66,113,21,2,24,65,0,0,70,126,.263,.367,.490,.856,128,210,7,1,0,2,2,*3H/D,casastr01
143,Nick Castellanos,31,PHI,NL,145,625,586,73,159,36,1,24,93,9,2,32,173,.271,.309,.459,.768,107,269,17,2,0,5,0,*9/DH,casteni01
144,Diego Castillo,25,ARI,NL,1,1,1,0,0,0,0,0,0,0,0,0,0,.000,.000,.000,.000,-100,0,0,0,0,0,0,/H,castidi02
145,Harold Castro*,29,COL,NL,96,265,253,24,65,13,0,1,31,1,0,9,63,.257,.280,.320,.600,56,81,5,0,1,2,0,4H8/76D915,castrha01
146,Miguel Castro,28,ARI,NL,2,0,0,0,0,0,0,0,0,0,0,0,0,,,,,,0,0,0,0,0,0,1,castrmi01
147,Rodolfo Castro#,24,TOT,NL,89,247,218,21,47,7,0,6,23,1,4,23,71,.216,.304,.330,.634,73,72,4,5,0,1,1,46H5/D,castrro01
148,Rodolfo Castro#,24,PIT,NL,78,224,197,19,45,7,0,6,22,1,4,21,62,.228,.317,.355,.672,83,70,4,5,0,1,1,46H/5D,castrro01
149,Rodolfo Castro#,24,PHI,NL,11,23,21,2,2,0,0,0,1,0,0,2,9,.095,.174,.095,.269,-23,2,0,0,0,0,0,/54HD,castrro01
150,Willi Castro#,26,MIN,AL,114,367,324,52,81,18,4,7,31,31,5,27,88,.250,.326,.395,.721,97,128,5,11,2,3,1,785H4/69D1,castrwi01
151,Jake Cave*,30,PHI,NL,57,177,161,16,37,8,1,5,21,3,0,12,45,.230,.284,.385,.669,81,62,3,1,1,2,0,739/H8D,caveja01
152,Andrew Chafin,33,TOT,NL,3,0,0,0,0,0,0,0,0,0,0,0,0,,,,,,0,0,0,0,0,0,1,chafian01
153,Andrew Chafin,33,ARI,NL,3,0,0,0,0,0,0,0,0,0,0,0,0,,,,,,0,0,0,0,0,0,1,chafian01
154,Yu Chang,27,BOS,AL,39,112,105,12,17,2,0,6,18,4,0,3,34,.162,.200,.352,.552,45,37,2,2,2,0,0,6/4H35D,changyu01
155,Aroldis Chapman*,35,TOT,AL,1,0,0,0,0,0,0,0,0,0,0,0,0,,,,,,0,0,0,0,0,0,1,chapmar01
156,Aroldis Chapman*,35,KCR,AL,1,0,0,0,0,0,0,0,0,0,0,0,0,,,,,,0,0,0,0,0,0,1,chapmar01
157,Matt Chapman,30,TOR,AL,128,530,464,61,113,36,1,15,50,3,2,59,153,.244,.334,.422,.756,108,196,4,5,0,2,1,*5/DH,chapmma01
158,Michael Chavis,27,WSN,NL,46,95,90,15,22,3,0,2,5,1,0,5,32,.244,.284,.344,.629,74,31,3,0,0,0,0,4H/35D79,chavimi01
159,Jazz Chisholm Jr.*,25,MIA,NL,85,334,310,41,79,8,2,17,44,22,3,20,100,.255,.303,.458,.761,104,142,3,2,1,1,0,8/HD,chishja01
160,Ji Man Choi*,32,TOT,NL,31,95,86,12,15,4,0,6,11,0,0,8,31,.174,.242,.430,.672,79,37,1,0,0,1,0,D3/H,choiji01
161,Ji Man Choi*,32,PIT,NL,23,76,73,9,15,4,0,6,11,0,0,2,27,.205,.224,.507,.731,90,37,1,0,0,1,0,D/3H,choiji01
162,Ji Man Choi*,32,SDP,NL,8,19,13,3,0,0,0,0,0,0,0,6,4,.000,.316,.000,.316,1,0,0,0,0,0,0,/D3H,choiji01
163,Taylor Clarke,30,KCR,AL,1,0,0,0,0,0,0,0,0,0,0,0,0,,,,,,0,0,0,0,0,0,1,clarkta01
164,Kody Clemens*,27,PHI,NL,47,148,139,15,32,7,0,4,13,0,0,8,40,.230,.277,.367,.644,75,51,1,1,0,0,0,3/H1D96,clemeko01
165,Ernie Clement,27,TOR,AL,28,52,50,7,19,1,1,1,10,1,0,1,4,.380,.385,.500,.885,143,25,0,0,0,1,0,6H/45D1,clemeer01
166,Oscar Colás*,24,CHW,AL,75,263,245,32,53,9,0,5,19,4,3,12,71,.216,.257,.314,.571,55,77,5,2,2,2,1,9/8HD,colasos01
167,Dylan Coleman,26,KCR,AL,2,0,0,0,0,0,0,0,0,0,0,0,0,,,,,,0,0,0,0,0,0,1,colemdy01
168,Zack Collins*,28,CLE,AL,2,6,4,0,2,0,0,0,0,0,0,2,2,.500,.667,.500,1.167,235,2,0,0,0,0,0,/2,colliza01
169,Michael Conforto*,30,SFG,NL,114,435,375,56,93,12,0,15,56,4,0,50,99,.248,.343,.400,.743,105,150,11,6,0,4,4,9D7/H,confomi01
170,William Contreras,25,MIL,NL,127,549,487,77,138,34,1,16,73,4,1,55,111,.283,.361,.456,.817,122,222,20,5,0,2,1,2D/H,contrwi02
171,Willson Contreras,31,STL,NL,123,489,423,54,112,27,0,19,66,6,3,50,110,.265,.359,.463,.822,124,196,12,13,1,2,0,2D/H,contrwi01
172,Garrett Cooper,32,TOT,NL,113,423,392,39,99,17,1,15,57,0,0,27,124,.253,.303,.416,.718,95,163,13,2,0,2,0,3DH,coopega03
173,Garrett Cooper,32,MIA,NL,82,324,305,28,78,11,1,13,46,0,0,17,97,.256,.296,.426,.723,94,130,9,1,0,1,0,3D/H,coopega03
174,Garrett Cooper,32,SDP,NL,31,99,87,11,21,6,0,2,11,0,0,10,27,.241,.323,.379,.703,97,33,4,1,0,1,0,3D/H,coopega03
175,Franchy Cordero*,28,NYY,AL,24,71,69,9,13,2,0,6,13,0,0,2,25,.188,.211,.478,.690,81,33,0,0,0,0,0,9/7H,cordefr02
176,Carlos Correa,28,MIN,AL,133,576,510,60,118,29,2,18,65,0,0,59,131,.231,.314,.402,.716,95,205,29,4,0,3,3,*6,correca01
177,Danny Coulombe*,33,BAL,AL,2,0,0,0,0,0,0,0,0,0,0,0,0,,,,,,0,0,0,0,0,0,1,couloda01
178,Colton Cowser*,23,BAL,AL,26,77,61,15,7,2,0,0,4,1,0,13,22,.115,.286,.148,.433,27,9,1,2,0,1,0,98/7H,cowseco01
179,Austin Cox*,26,KCR,AL,1,0,0,0,0,0,0,0,0,0,0,0,0,,,,,,0,0,0,0,0,0,1,coxau01
180,Brandon Crawford*,36,SFG,NL,89,309,272,29,53,11,1,6,35,3,0,28,77,.195,.276,.309,.585,62,84,5,4,1,4,1,6/H1,crawfbr01
181,J.P. Crawford*,28,SEA,AL,131,575,481,85,126,32,0,15,53,2,0,84,116,.262,.376,.422,.798,124,203,6,5,3,2,1,*6/H,crawfjp01
182,Kutter Crawford,27,BOS,AL,1,0,0,1,0,0,0,0,0,0,0,0,0,,,,,,0,0,0,0,0,0,1/H,crawfku01
183,C.J. Cron,33,TOT,MLB,70,274,254,38,64,12,0,12,37,0,0,17,64,.252,.299,.441,.740,91,112,13,1,0,2,0,3/DH,croncj01
184,C.J. Cron,33,COL,NL,56,224,208,31,54,12,0,11,32,0,0,13,50,.260,.304,.476,.780,99,99,10,1,0,2,0,3/DH,croncj01
185,C.J. Cron,33,LAA,AL,14,50,46,7,10,0,0,1,5,0,0,4,14,.217,.280,.283,.563,54,13,3,0,0,0,0,3/H,croncj01
186,Jake Cronenworth*,29,SDP,NL,127,522,458,54,105,24,7,10,48,6,1,46,97,.229,.312,.378,.689,93,173,8,11,1,5,2,*34/H,croneja01
187,Pete Crow-Armstrong*,21,CHC,NL,4,10,8,0,0,0,0,0,1,0,1,1,4,.000,.111,.000,.111,-66,0,0,0,1,0,0,/8H,crowape01
188,Nelson Cruz,42,SDP,NL,49,152,143,9,35,5,1,5,23,1,0,6,46,.245,.283,.399,.681,89,57,2,2,0,1,1,DH/3,cruzne02
189,Oneil Cruz*,24,PIT,NL,9,40,32,7,8,1,0,1,4,3,0,7,8,.250,.375,.375,.750,105,12,0,0,0,1,0,/6,cruzon01
190,Charlie Culberson,34,ATL,NL,1,1,1,0,1,0,0,0,0,0,0,0,0,1.000,1.000,1.000,2.000,441,1,0,0,0,0,0,/DH,culbech01
191,Travis d'Arnaud,34,ATL,NL,66,260,241,29,54,11,0,11,38,0,0,17,55,.224,.277,.407,.684,80,98,6,1,0,1,0,2/DH,darnatr01
192,David Dahl*,29,SDP,NL,4,9,9,1,1,0,0,1,1,0,0,0,2,.111,.111,.444,.556,46,4,0,0,0,0,0,/9H,dahlda01
193,Bobby Dalbec,28,BOS,AL,10,14,12,1,2,0,0,0,0,1,0,2,8,.167,.286,.167,.452,27,2,0,0,0,0,0,/H3D456,dalbebo01
194,Henry Davis,23,PIT,NL,52,212,186,24,39,8,0,5,18,3,4,22,51,.210,.302,.333,.635,73,62,2,3,0,1,2,9/D2H,davishe01
195,J.D. Davis,30,SFG,NL,135,519,456,58,114,22,1,18,68,1,0,49,145,.250,.327,.421,.748,105,192,15,6,0,6,0,*53DH,davisjd01
196,Jonathan Davis,31,MIA,NL,34,104,90,22,22,4,1,2,10,1,2,7,29,.244,.307,.378,.685,86,34,1,2,2,2,0,8/H97,davisjo05
197,Yonathan Daza,29,COL,NL,24,80,74,8,20,6,0,0,7,1,0,3,13,.270,.304,.351,.655,70,26,5,1,1,1,0,8/H9,dazayo01
198,Bryan De La Cruz,26,MIA,NL,142,580,535,58,136,31,0,19,74,3,1,38,136,.254,.302,.419,.721,94,224,15,1,0,5,0,*79/8HD,delacbr01
199,Elly De La Cruz#,21,CIN,NL,87,380,345,59,82,14,6,11,36,29,8,31,127,.238,.303,.409,.712,89,141,6,2,1,1,3,65/HD,delacel01
200,Paul DeJong,29,TOT,MLB,110,398,370,41,77,13,0,14,38,4,4,21,121,.208,.259,.357,.616,67,132,10,5,0,2,0,*6/H4D,dejonpa01
201,Paul DeJong,29,TOT,NL,97,354,326,40,74,13,0,14,37,4,4,21,103,.227,.282,.396,.678,84,129,9,5,0,2,0,6/H4D,dejonpa01
202,Paul DeJong,29,STL,NL,81,306,279,38,65,11,0,13,32,4,4,21,87,.233,.297,.412,.710,93,115,8,5,0,1,0,6/H,dejonpa01
203,Paul DeJong,29,TOR,AL,13,44,44,1,3,0,0,0,1,0,0,0,18,.068,.068,.068,.136,-62,3,1,0,0,0,0,6,dejonpa01
204,Paul DeJong,29,SFG,NL,16,48,47,2,9,2,0,1,5,0,0,0,16,.191,.188,.298,.485,31,14,1,0,0,1,0,6/H4D,dejonpa01
205,Jason Delay,28,PIT,NL,65,168,151,17,38,10,1,1,16,0,0,12,41,.252,.313,.351,.664,80,53,4,2,2,1,0,2/H,delayja01
206,Jonny Deluca,24,LAD,NL,24,45,42,5,11,1,0,2,6,1,0,3,8,.262,.311,.429,.740,98,18,0,0,0,0,0,H/789D,delucjo01
207,Rafael Devers*,26,BOS,AL,141,609,541,86,148,34,0,32,97,3,1,55,115,.274,.350,.514,.864,129,278,13,10,0,3,9,*5/DH6,deverra01
208,Aledmys Díaz,32,OAK,AL,102,322,293,23,67,18,1,4,23,1,0,17,64,.229,.283,.338,.621,76,99,12,7,1,4,2,65H473/D,diazal02
209,Alexis Díaz,26,CIN,NL,2,0,0,0,0,0,0,0,0,0,0,0,0,,,,,,0,0,0,0,0,0,1,diazal03
210,Elias Díaz,32,COL,NL,129,488,452,44,122,23,1,14,68,1,0,30,109,.270,.316,.418,.734,89,189,10,2,0,4,0,*2H/D,diazel01
211,Isan Díaz*,27,TOT,MLB,8,26,24,0,1,0,0,0,1,0,0,2,9,.042,.115,.042,.157,-54,1,0,0,0,0,0,/45H,diazis01
212,Isan Díaz*,27,SFG,NL,6,21,19,0,1,0,0,0,1,0,0,2,7,.053,.143,.053,.195,-42,1,0,0,0,0,0,/45,diazis01
213,Isan Díaz*,27,DET,AL,2,5,5,0,0,0,0,0,0,0,0,0,2,.000,.000,.000,.000,-100,0,0,0,0,0,0,/4H,diazis01
214,Jordan Diaz,22,OAK,AL,81,265,245,20,56,8,0,10,26,0,1,16,64,.229,.283,.384,.667,88,94,10,3,0,1,0,54D/H3,diazjo03
215,Yainer Diaz,24,HOU,AL,97,355,335,47,95,20,0,22,57,0,0,11,67,.284,.307,.540,.847,128,181,11,3,0,6,0,2DH/3,diazya02
216,Yandy Díaz,31,TBR,AL,128,565,497,89,160,32,0,20,73,0,1,59,91,.322,.400,.507,.907,151,252,15,7,0,2,0,*3D/5H,diazya01
217,Corey Dickerson*,34,WSN,NL,50,152,144,12,36,7,1,2,17,0,1,7,28,.250,.283,.354,.637,76,51,3,0,0,1,0,7/HD9,dickeco01
218,Brandon Dixon,31,SDP,NL,33,86,79,10,16,4,0,2,9,1,0,1,31,.203,.244,.329,.573,60,26,1,4,0,2,0,3/H9D71,dixonbr01
219,Jasson Domínguez#,20,NYY,AL,8,33,31,6,8,1,0,4,7,1,0,2,8,.258,.303,.677,.980,157,21,1,0,0,0,0,/8,dominja01
220,Josh Donaldson,37,TOT,MLB,38,141,122,15,20,2,0,11,18,0,0,17,37,.164,.262,.451,.713,90,55,5,0,0,2,0,5/DH1,donaljo02
221,Josh Donaldson,37,NYY,AL,33,120,106,13,15,1,0,10,15,0,0,12,32,.142,.225,.434,.659,74,46,2,0,0,2,0,5/DH1,donaljo02
222,Josh Donaldson,37,MIL,NL,5,21,16,2,5,1,0,1,3,0,0,5,5,.313,.476,.563,1.039,184,9,3,0,0,0,0,/5D,donaljo02
223,Brendan Donovan*,26,STL,NL,95,371,327,48,93,10,1,11,34,5,1,33,53,.284,.365,.422,.787,116,138,4,9,1,1,2,47D3H/956,donovbr01
224,Camilo Doval,25,SFG,NL,2,0,0,0,0,0,0,0,0,0,0,0,0,,,,,,0,0,0,0,0,0,1,dovalca01
225,Jeter Downs,24,WSN,NL,6,9,5,4,2,0,0,0,1,2,0,4,1,.400,.667,.400,1.067,208,2,0,0,0,0,0,/64H,downsje01
226,Brenton Doyle,25,COL,NL,112,378,349,43,67,13,3,8,36,19,4,20,134,.192,.242,.315,.557,44,110,7,4,2,3,0,*8/H,doylebr02
227,Hunter Dozier,31,KCR,AL,29,91,82,8,15,2,1,2,9,2,0,8,29,.183,.253,.305,.558,53,25,0,0,0,1,0,5/397HD,doziehu01
228,Brandon Drury,30,LAA,AL,112,466,431,52,110,25,3,21,70,0,2,24,120,.255,.300,.473,.774,106,204,13,6,0,5,0,43/DH,drurybr01
229,Daniel Duarte,26,CIN,NL,2,0,0,0,0,0,0,0,0,0,0,0,0,,,,,,0,0,0,0,0,0,1,duartda01
230,Mauricio Dubón,28,HOU,AL,120,460,436,72,122,25,3,9,41,7,2,18,62,.280,.311,.413,.724,99,180,10,3,0,3,0,48H/76395,dubonma01
231,Matt Duffy,32,KCR,AL,74,193,177,15,44,7,0,1,13,1,0,11,36,.249,.301,.305,.606,68,54,3,3,0,2,0,54H3/D16,duffyma01
232,Ezequiel Duran,24,TEX,AL,118,434,402,55,110,21,2,14,45,8,4,22,119,.274,.321,.440,.761,105,177,7,7,1,2,1,675D/H439,duranez01
233,Jarren Duran*,26,BOS,AL,102,362,332,46,98,34,2,8,40,24,2,24,90,.295,.346,.482,.828,120,160,3,3,0,2,1,87H/D9,duranja01
234,Adam Duvall,34,BOS,AL,81,315,285,42,71,22,1,19,52,4,0,22,98,.249,.311,.533,.844,122,152,0,5,0,3,1,89/H7D,duvalad01
235,Nate Eaton,26,KCR,AL,28,56,53,2,4,0,0,0,1,3,0,2,21,.075,.125,.075,.200,-43,4,0,1,0,0,0,7/H89D51,eatonna01
236,Tommy Edman#,28,STL,NL,124,475,429,62,103,23,4,12,46,24,3,32,77,.240,.301,.396,.697,90,170,8,7,3,4,1,684/9H,edmanto01
237,Xavier Edwards#,23,MIA,NL,21,57,54,11,16,3,0,0,3,1,0,1,7,.296,.321,.352,.673,84,19,1,1,1,0,0,4/8HD,edwarxa01
238,Drew Ellis,27,PHI,NL,12,29,23,4,5,0,0,2,4,0,1,6,7,.217,.379,.478,.858,133,11,0,0,0,0,0,/35H,ellisdr01
239,Christian Encarnacion-Strand,23,CIN,NL,52,194,179,19,48,7,0,7,24,2,0,10,55,.268,.325,.425,.749,99,76,4,5,0,0,0,3D/5H9,encarch01
240,Adam Engel,31,SDP,NL,5,6,6,0,0,0,0,0,0,0,1,0,2,.000,.000,.000,.000,-100,0,0,0,0,0,0,/8H7,engelad01
241,Eduardo Escobar#,34,TOT,MLB,90,285,265,32,60,6,5,6,28,2,1,17,70,.226,.271,.355,.626,70,94,7,0,1,2,0,54H/3D16,escobed01
242,Eduardo Escobar#,34,NYM,NL,40,120,110,15,26,3,2,4,16,2,0,8,24,.236,.286,.409,.695,90,45,4,0,1,1,0,5/4HD6,escobed01
243,Eduardo Escobar#,34,LAA,AL,50,165,155,17,34,3,3,2,12,0,1,9,46,.219,.261,.316,.577,56,49,3,0,0,1,0,54H/31,escobed01
244,Santiago Espinal,28,TOR,AL,87,244,220,28,54,12,0,2,25,2,1,18,33,.245,.310,.327,.637,78,72,5,3,2,1,1,45H6/D,espinsa01
245,Thairo Estrada,27,SFG,NL,107,478,447,60,123,26,2,12,46,21,5,19,111,.275,.318,.423,.741,103,189,9,10,0,2,1,46/7D,estrath01
246,Stuart Fairchild,27,CIN,NL,88,242,206,31,46,13,2,5,27,10,2,25,64,.223,.322,.379,.701,88,78,2,6,3,2,0,798H/D,faircst01
247,Buck Farmer*,32,CIN,NL,1,0,0,0,0,0,0,0,0,0,0,0,0,,,,,,0,0,0,0,0,0,1,farmebu01
248,Kyle Farmer,32,MIN,AL,108,317,290,42,72,11,2,11,38,1,4,18,81,.248,.306,.414,.720,96,120,5,7,0,2,0,456H/37D,farmeky01
249,Caleb Ferguson,26,LAD,NL,2,0,0,0,0,0,0,0,0,0,0,0,0,,,,,,0,0,0,0,0,0,1,ferguca01
250,Freddy Fermin,28,KCR,AL,70,235,217,26,61,10,1,9,32,0,0,13,50,.281,.321,.461,.781,112,100,11,1,1,3,0,2/HD,fermifr01
251,José Fermín,24,STL,NL,13,32,28,1,5,0,0,0,0,0,0,3,4,.179,.258,.179,.437,24,5,0,0,1,0,0,/4H5D,fermijo01
252,David Fletcher,29,LAA,AL,21,57,54,4,12,1,0,2,9,0,0,3,8,.222,.263,.352,.615,65,19,2,0,0,0,0,6/45H,fletcda02
253,Dominic Fletcher*,25,ARI,NL,28,102,93,10,28,5,1,2,14,0,2,7,22,.301,.350,.441,.791,115,41,0,0,2,0,1,89/7H,fletcdo01
254,Wilmer Flores,31,SFG,NL,116,422,378,50,109,22,0,22,56,0,0,36,59,.288,.355,.521,.877,138,197,12,5,0,3,1,3DH5/4,florewi01
255,Estevan Florial*,25,NYY,AL,7,28,22,2,4,0,0,0,4,1,0,4,7,.182,.357,.182,.539,55,4,0,2,0,0,0,/8H,flories01
256,Mike Ford*,30,SEA,AL,75,232,204,30,46,6,0,16,34,0,0,21,74,.225,.315,.490,.805,122,100,4,6,0,1,0,DH3/1,fordmi01
257,Nick Fortes,26,MIA,NL,100,295,271,27,54,7,0,5,23,4,2,16,53,.199,.256,.280,.536,47,76,11,5,2,1,0,2/HD,forteni01
258,Jake Fraley*,28,CIN,NL,104,359,318,41,85,18,0,15,64,20,5,34,68,.267,.348,.465,.814,116,148,5,6,0,1,2,97HD,fraleja01
259,Ty France,28,SEA,AL,144,608,535,73,135,31,0,10,56,1,0,40,110,.252,.340,.366,.707,99,196,24,32,0,1,0,*3/H,francty01
260,Wander Franco#,22,TBR,AL,112,491,442,65,124,23,6,17,58,30,10,42,69,.281,.344,.475,.819,125,210,18,3,0,4,3,*6/HD,francwa01
261,Adam Frazier*,31,BAL,AL,129,421,382,57,94,19,2,13,59,9,4,28,58,.246,.303,.408,.711,97,156,4,4,4,2,0,*4H/97D,fraziad01
262,Clint Frazier,28,CHW,AL,33,76,66,10,13,1,1,0,3,4,2,10,23,.197,.303,.242,.545,52,16,0,0,0,0,0,9H/78,frazicl01
263,Freddie Freeman*,33,LAD,NL,147,668,582,122,195,55,2,26,93,19,1,69,112,.335,.413,.570,.984,163,332,11,12,0,5,12,*3,freemfr01
264,Tyler Freeman,24,CLE,AL,54,143,129,16,31,6,0,2,12,4,0,9,24,.240,.298,.333,.631,77,43,3,2,2,1,0,54H/D67,freemty01
265,Sal Frelick*,23,MIL,NL,45,177,148,26,39,7,1,3,21,7,0,25,30,.264,.367,.385,.752,107,57,2,1,0,3,0,98/H,frelisa01
266,Luis Frías,25,ARI,NL,1,0,0,0,0,0,0,0,0,0,0,0,0,,,,,,0,0,0,0,0,0,1,friaslu01
267,TJ Friedl*,27,CIN,NL,127,510,450,65,123,20,8,14,56,24,6,39,84,.273,.343,.447,.789,110,201,0,10,8,3,1,*87H/9D,friedtj01
268,David Fry,27,CLE,AL,51,106,95,12,22,4,0,4,13,2,0,8,28,.232,.311,.400,.711,97,38,3,3,0,0,0,23H/9D715,fryda01
269,Michael Fulmer,30,CHC,NL,2,1,1,0,0,0,0,0,0,0,0,0,1,.000,.000,.000,.000,-100,0,0,0,0,0,0,1,fulmemi01
270,Cam Gallagher,30,CLE,AL,51,136,130,6,18,6,0,0,7,0,0,4,41,.138,.169,.185,.354,-1,24,2,1,0,1,0,2,gallaca01
271,Joey Gallo*,29,MIN,AL,111,332,282,39,50,9,1,21,40,1,1,48,142,.177,.301,.440,.741,100,124,3,2,0,0,1,37H89/D,gallojo01
272,Ben Gamel*,31,SDP,NL,6,15,15,2,3,1,0,0,2,0,0,0,2,.200,.200,.267,.467,30,4,0,0,0,0,0,/7HD9,gamelbe01
273,Adolis García,30,TEX,AL,135,580,512,97,125,26,0,34,100,8,0,56,159,.244,.322,.494,.817,118,253,11,6,0,6,0,*9/8DH,garciad02
274,Avisaíl García,32,MIA,NL,37,118,108,8,20,3,1,3,12,2,0,6,39,.185,.241,.315,.556,50,34,1,2,0,0,1,97/HD8,garciav01
275,Luis García*,23,WSN,NL,109,434,403,49,102,13,4,7,46,8,4,23,57,.253,.289,.357,.646,78,144,10,0,1,7,1,*4/H,garcilu04
276,Maikel Garcia,23,KCR,AL,112,466,418,53,114,20,4,4,49,22,6,35,97,.273,.325,.368,.693,91,154,9,2,1,10,0,56/D4H,garcima01
277,Kyle Garlick,31,MIN,AL,14,30,28,2,5,1,0,2,4,0,0,2,11,.179,.233,.429,.662,76,12,0,0,0,0,0,/9H7D,garliky01
278,Stone Garrett,27,WSN,NL,89,271,234,40,63,17,0,9,40,3,1,26,82,.269,.343,.457,.801,120,107,6,3,0,5,0,7H9/D,garrest01
279,Mitch Garver,32,TEX,AL,75,296,254,40,70,11,0,17,45,0,0,39,70,.276,.376,.520,.896,141,132,6,2,0,0,1,D2/H3,garvemi01
280,Zack Gelof,23,OAK,AL,55,240,217,34,58,18,1,12,26,11,2,20,64,.267,.333,.525,.859,139,114,3,2,0,1,1,4,gelofza01
281,Ian Gibaut,29,CIN,NL,1,0,0,0,0,0,0,0,0,0,0,0,0,,,,,,0,0,0,0,0,0,1,gibauia01
282,Kyle Gibson,35,BAL,AL,1,0,0,0,0,0,0,0,0,0,0,0,0,,,,,,0,0,0,0,0,0,1,gibsoky01
283,Logan Gillaspie,26,BAL,AL,1,0,0,0,0,0,0,0,0,0,0,0,0,,,,,,0,0,0,0,0,0,1,gillalo01
284,Andrés Giménez*,24,CLE,AL,142,571,513,67,124,25,4,13,54,28,4,32,106,.242,.310,.382,.692,93,196,10,20,4,2,3,*4/H,gimenan01
285,Kevin Ginkel*,29,ARI,NL,1,0,0,0,0,0,0,0,0,0,0,0,0,,,,,,0,0,0,0,0,0,1,ginkeke01
286,Paul Goldschmidt,35,STL,NL,143,645,557,83,151,27,0,24,75,11,2,81,151,.271,.365,.449,.814,123,250,11,3,0,3,5,*3D,goldspa01
287,Yan Gomes,35,CHC,NL,106,378,349,42,95,18,2,9,52,1,0,17,72,.272,.312,.413,.725,94,144,9,6,0,6,1,2DH,gomesya01
288,Nick Gonzales,24,PIT,NL,31,112,102,11,22,6,1,2,13,0,1,4,31,.216,.268,.353,.621,67,36,0,4,0,2,0,4/6H,gonzani01
289,Oscar Gonzalez,25,CLE,AL,52,175,168,15,36,7,2,2,12,0,0,5,45,.214,.240,.315,.555,54,53,2,1,0,1,0,9D/H7,gonzaos01
290,Romy Gonzalez,26,CHW,AL,44,97,93,11,18,4,2,3,14,7,0,2,36,.194,.208,.376,.585,55,35,0,0,1,1,0,4H/9D7658,gonzaro01
291,Victor González*,27,LAD,NL,2,0,0,0,0,0,0,0,0,0,0,0,0,,,,,,0,0,0,0,0,0,1,gonzavi02
292,Hunter Goodman,23,COL,NL,16,57,52,5,13,4,3,0,14,1,0,4,15,.250,.298,.442,.741,89,23,2,0,0,1,0,/93DH,goodmhu01
293,Nick Gordon*,27,MIN,AL,34,93,91,13,16,5,1,2,7,0,0,1,11,.176,.185,.319,.503,35,29,1,0,1,0,0,874H/6,gordoni01
294,Nolan Gorman*,23,STL,NL,119,464,406,59,96,17,0,27,76,7,2,53,148,.236,.328,.478,.805,118,194,5,3,0,2,1,4D5H,gormano01
295,Yasmani Grandal#,34,CHW,AL,115,393,352,33,83,14,0,8,33,0,0,35,85,.236,.310,.344,.654,79,121,10,4,0,2,1,2HD/3,grandya01
296,Brusdar Graterol,24,LAD,NL,1,0,0,0,0,0,0,0,0,0,0,0,0,,,,,,0,0,0,0,0,0,1,gratebr01
297,Kendall Graveman,32,TOT,AL,1,0,0,0,0,0,0,0,0,0,0,0,0,,,,,,0,0,0,0,0,0,1,graveke01
298,Kendall Graveman,32,HOU,AL,1,0,0,0,0,0,0,0,0,0,0,0,0,,,,,,0,0,0,0,0,0,1,graveke01
299,Jon Gray,31,TEX,AL,1,0,0,0,0,0,0,0,0,0,0,0,0,,,,,,0,0,0,0,0,0,1,grayjo02
300,Tristan Gray*,27,TBR,AL,1,1,1,0,0,0,0,0,0,0,0,0,0,.000,.000,.000,.000,-100,0,0,0,0,0,0,/3,graytr01
301,Riley Greene*,22,DET,AL,99,416,378,51,109,19,4,11,37,7,0,35,114,.288,.349,.447,.796,117,169,7,1,0,2,0,8/D79H,greenri03
302,Zack Greinke,39,KCR,AL,1,0,0,0,0,0,0,0,0,0,0,0,0,,,,,,0,0,0,0,0,0,1,greinza01
303,Randal Grichuk,31,TOT,MLB,106,420,386,56,104,26,2,14,41,2,2,27,85,.269,.324,.456,.780,103,176,11,5,0,2,2,798D/H,grichra01
304,Randal Grichuk,31,COL,NL,64,263,240,40,74,19,1,8,27,2,2,18,51,.308,.365,.496,.861,121,119,6,4,0,1,2,987D/H,grichra01
305,Randal Grichuk,31,LAA,AL,42,157,146,16,30,7,1,6,14,0,0,9,34,.205,.255,.390,.645,72,57,5,1,0,1,0,7/H8D,grichra01
306,Trent Grisham*,26,SDP,NL,142,529,448,63,90,29,1,13,48,14,3,70,150,.201,.315,.357,.672,89,160,7,5,4,1,0,*8/H,grishtr01
307,Vaughn Grissom,22,ATL,NL,23,80,75,5,21,3,1,0,9,0,1,2,15,.280,.313,.347,.659,77,26,2,2,0,1,0,6/4H,grissva01
308,Robbie Grossman#,33,TEX,AL,108,398,337,56,82,23,1,10,49,1,0,51,93,.243,.339,.407,.746,103,137,7,2,0,8,0,7D9H,grossro01
309,Vladimir Guerrero Jr.,24,TOR,AL,145,635,562,71,150,28,0,24,90,5,3,60,93,.267,.345,.445,.790,117,250,21,9,0,4,5,*3D/H,guerrvl02
310,Luis Guillorme*,28,NYM,NL,50,114,101,12,24,6,1,1,9,0,0,10,28,.238,.304,.347,.650,80,35,3,0,2,1,1,45/H61,guilllu01
311,Lourdes Gurriel Jr.,29,ARI,NL,134,548,509,63,133,33,2,24,80,4,0,32,97,.261,.310,.475,.786,111,242,18,5,0,2,1,7D/H3,gurrilo01
312,Yuli Gurriel,39,MIA,NL,97,315,284,31,71,16,3,4,26,4,0,26,44,.250,.311,.370,.681,85,105,11,1,0,4,3,3H/D,gourryu01
313,Dalton Guthrie,27,PHI,NL,23,28,24,4,4,1,0,0,0,0,0,3,7,.167,.286,.208,.494,39,5,0,1,0,0,0,7/8H95,guthrda01
314,Eric Haase,30,TOT,AL,89,293,274,22,55,8,1,4,26,4,1,17,81,.201,.247,.281,.528,45,77,11,0,1,1,1,27H/D9,haaseer01
315,Eric Haase,30,DET,AL,86,282,264,22,53,8,1,4,26,3,1,16,78,.201,.246,.284,.530,45,75,10,0,1,1,1,27H/D9,haaseer01
316,Eric Haase,30,CLE,AL,3,11,10,0,2,0,0,0,0,1,0,1,3,.200,.273,.200,.473,36,2,1,0,0,0,0,/2,haaseer01
317,Josh Hader*,29,SDP,NL,1,0,0,0,0,0,0,0,0,0,0,0,0,,,,,,0,0,0,0,0,0,1,haderjo01
318,Sam Haggerty#,29,SEA,AL,42,86,75,12,18,3,0,1,4,6,1,9,15,.240,.329,.320,.649,84,24,0,1,1,0,0,H74/D389,haggesa01
319,Darick Hall*,27,PHI,NL,18,56,54,2,9,1,0,1,3,0,0,2,18,.167,.196,.241,.437,19,13,2,0,0,0,0,3/H,hallda02
320,Billy Hamilton,32,CHW,AL,3,2,2,2,0,0,0,0,0,2,0,0,1,.000,.000,.000,.000,-100,0,0,0,0,0,0,/H9,hamilbi02
321,Caleb Hamilton,28,BOS,AL,4,6,5,0,0,0,0,0,0,0,0,1,5,.000,.167,.000,.167,-49,0,0,0,0,0,0,/2,hamilca01
322,David Hamilton*,25,BOS,AL,15,39,33,2,4,2,0,0,0,2,1,6,10,.121,.256,.182,.438,22,6,1,0,0,0,0,6/4H,hamilda03
323,Garrett Hampson,28,MIA,NL,85,207,183,27,53,12,1,3,19,3,0,17,58,.290,.358,.415,.773,111,76,3,3,3,1,0,86H94/75D,hampsga01
324,Mitch Haniger,32,SFG,NL,55,210,193,25,40,11,1,6,25,1,0,14,57,.207,.267,.368,.635,73,71,6,2,0,1,0,79/HD,hanigmi01
325,Ian Happ#,28,CHC,NL,146,637,533,78,129,31,4,18,73,14,3,93,143,.242,.358,.417,.774,109,222,12,6,0,5,2,*7/DH,happia01
326,Bryce Harper*,30,PHI,NL,114,496,420,74,122,26,1,17,62,9,3,69,109,.290,.393,.479,.872,138,201,9,4,0,3,6,D3/H,harpebr03
327,Michael Harris II*,22,ATL,NL,125,485,452,72,134,26,3,18,52,20,3,25,91,.296,.337,.487,.824,118,220,7,4,1,3,1,*8/H,harrimi04
328,Josh Harrison,35,PHI,NL,40,114,103,8,21,3,0,2,10,0,0,3,20,.204,.263,.291,.554,52,30,2,6,0,2,0,5H4/719D,harrijo05
329,Adam Haseley*,27,CHW,AL,28,39,36,6,8,2,0,0,2,1,0,3,8,.222,.282,.278,.560,54,10,1,0,0,0,0,9/H87D,haselad01
330,Ke'Bryan Hayes,26,PIT,NL,113,474,444,56,121,26,7,13,59,10,6,27,92,.273,.312,.450,.763,104,200,10,0,0,3,1,*5/HD,hayeske01
331,Austin Hays,27,BAL,AL,132,522,481,72,135,36,2,14,61,4,1,34,127,.281,.328,.451,.779,115,217,11,2,0,5,1,*7/8H9D,haysau01
332,Taylor Hearn*,28,TOT,MLB,1,0,0,0,0,0,0,0,0,0,0,0,0,,,,,,0,0,0,0,0,0,1,hearnta01
333,Taylor Hearn*,28,TOT,AL,1,0,0,0,0,0,0,0,0,0,0,0,0,,,,,,0,0,0,0,0,0,1,hearnta01
334,Taylor Hearn*,28,TEX,AL,1,0,0,0,0,0,0,0,0,0,0,0,0,,,,,,0,0,0,0,0,0,/1,hearnta01
335,Jonathan Heasley,26,KCR,AL,1,0,0,0,0,0,0,0,0,0,0,0,0,,,,,,0,0,0,0,0,0,1,heasljo01
336,Austin Hedges,30,TOT,MLB,77,205,178,13,32,5,0,1,16,1,0,11,44,.180,.232,.225,.457,25,40,7,2,10,3,0,2/1DH,hedgeau01
337,Austin Hedges,30,PIT,NL,65,187,161,13,29,5,0,1,14,1,0,11,39,.180,.237,.230,.467,28,37,7,2,9,3,0,2,hedgeau01
338,Austin Hedges,30,TEX,AL,12,18,17,0,3,0,0,0,2,0,0,0,5,.176,.176,.176,.353,-3,3,0,0,1,0,0,2/1DH,hedgeau01
339,Jonah Heim#,28,TEX,AL,118,453,417,55,109,26,0,17,85,2,0,32,88,.261,.313,.446,.760,104,186,10,1,0,3,2,*2/DH,heimjo01
340,Tyler Heineman#,32,TOT,MLB,19,37,30,3,6,1,0,0,0,1,0,7,7,.200,.351,.233,.585,67,7,0,0,0,0,0,2/H,heinety01
341,Tyler Heineman#,32,PIT,NL,3,10,9,1,1,0,0,0,0,1,0,1,1,.111,.200,.111,.311,-12,1,0,0,0,0,0,/2,heinety01
342,Tyler Heineman#,32,TOR,AL,16,27,21,2,5,1,0,0,0,0,0,6,6,.238,.407,.286,.693,98,6,0,0,0,0,0,2/H,heinety01
343,Ryan Helsley,28,STL,NL,1,0,0,0,0,0,0,0,0,0,0,0,0,,,,,,0,0,0,0,0,0,1,helslry01
344,Gunnar Henderson*,22,BAL,AL,137,564,507,91,132,26,8,27,79,9,2,51,142,.260,.330,.503,.833,129,255,10,3,0,3,1,56D/H,hendegu01
345,David Hensley,27,HOU,AL,30,94,84,12,10,1,0,1,3,1,0,10,35,.119,.213,.167,.379,8,14,0,0,0,0,0,D/4H375,henslda01
346,Carlos Hernández,26,KCR,AL,1,0,0,0,0,0,0,0,0,0,0,0,0,,,,,,0,0,0,0,0,0,1,hernaca04
347,Enrique Hernández,31,TOT,MLB,129,473,432,53,102,23,0,9,54,3,1,34,92,.236,.294,.352,.646,74,152,17,3,0,4,1,6485/7H39,hernaen02
348,Enrique Hernández,31,BOS,AL,86,323,297,38,66,11,0,6,31,3,1,22,68,.222,.279,.320,.599,61,95,11,2,0,2,0,648/H,hernaen02
349,Enrique Hernández,31,LAD,NL,43,150,135,15,36,12,0,3,23,0,0,12,24,.267,.327,.422,.749,101,57,6,1,0,2,1,45/7638H9,hernaen02
350,Teoscar Hernández,30,SEA,AL,147,622,574,66,152,28,2,25,89,6,2,33,189,.265,.310,.451,.762,111,259,6,8,0,7,2,*9D/H,hernate01
351,Yonny Hernández#,25,LAD,NL,14,27,22,5,3,1,0,0,4,0,0,2,8,.136,.231,.182,.413,14,4,0,1,1,1,0,/4H51,hernayo02
352,Iván Herrera,23,STL,NL,8,26,23,3,8,1,0,0,2,0,0,2,9,.348,.423,.391,.814,127,9,0,1,0,0,0,/2,herreiv01
353,Jose Herrera#,26,ARI,NL,41,120,101,15,21,5,0,0,7,1,0,13,30,.208,.296,.257,.553,54,26,2,0,5,1,0,2/1H,herrejo04
354,Jason Heyward*,33,LAD,NL,112,334,292,54,81,21,0,14,38,2,2,33,57,.277,.353,.493,.847,126,144,6,3,0,3,1,98H/3D7,heywaja01
355,Aaron Hicks#,33,TOT,AL,83,277,241,42,63,8,1,8,34,4,0,35,63,.261,.354,.402,.756,110,97,2,0,0,1,1,879/HD,hicksaa01
356,Aaron Hicks#,33,NYY,AL,28,76,69,9,13,2,0,1,5,0,0,7,20,.188,.263,.261,.524,45,18,0,0,0,0,0,7/8HD,hicksaa01
357,Aaron Hicks#,33,BAL,AL,55,201,172,33,50,6,1,7,29,4,0,28,43,.291,.388,.459,.847,136,79,2,0,0,1,1,89/7DH,hicksaa01
358,Kyle Higashioka,33,NYY,AL,89,249,231,23,54,11,0,10,34,0,0,14,71,.234,.274,.411,.685,84,95,4,0,1,3,0,2/HD,higasky01
359,Derek Hill,27,WSN,NL,13,50,47,3,8,1,0,0,1,1,0,3,11,.170,.220,.191,.411,16,9,0,0,0,0,0,8,hillde01
360,Sam Hilliard*,29,ATL,NL,40,78,72,15,17,5,0,3,6,4,0,6,33,.236,.295,.431,.725,91,31,1,0,0,0,0,8H/7D9,hillisa01
361,Bryan Hoeing,26,MIA,NL,1,0,0,0,0,0,0,0,0,0,0,0,0,,,,,,0,0,0,0,0,0,1,hoeinbr01
362,Nico Hoerner,26,CHC,NL,139,639,581,92,166,26,4,9,64,41,7,42,82,.286,.345,.391,.736,99,227,11,12,1,3,0,*46/DH,hoernni01
363,TJ Hopkins,26,CIN,NL,25,44,41,7,7,0,0,0,1,1,0,2,17,.171,.227,.171,.398,10,7,1,1,0,0,0,H/9D7,hopkitj01
364,Spencer Horwitz*,25,TOR,AL,12,34,30,5,9,2,0,1,4,0,0,3,9,.300,.382,.467,.849,134,14,1,1,0,0,0,/D3H,horwisp01
365,Eric Hosmer*,33,CHC,NL,31,100,94,7,22,3,0,2,14,0,0,6,25,.234,.280,.330,.610,64,31,5,0,0,0,0,3D/H,hosmeer01
366,Sam Huff,25,TEX,AL,20,45,43,5,11,2,0,3,6,0,0,2,17,.256,.289,.512,.801,112,22,1,0,0,0,0,2/D3H,huffsa01
367,Cooper Hummel#,28,SEA,AL,10,26,23,2,2,1,0,0,0,1,0,2,9,.087,.192,.130,.323,-6,3,1,1,0,0,0,/DH79,hummeco01
368,Tommy Hunter,36,NYM,NL,2,0,0,0,0,0,0,0,0,0,0,0,0,,,,,,0,0,0,0,0,0,1,hunteto02
369,Andy Ibáñez,30,DET,AL,100,330,311,37,80,21,1,11,32,1,0,17,60,.257,.297,.437,.734,99,136,6,1,0,1,0,45H7/9D3,ibanean01
370,Jonathan India,26,CIN,NL,109,480,418,70,103,20,0,16,57,13,2,42,100,.246,.331,.409,.740,97,171,12,14,0,6,0,4D/H,indiajo01
371,Kyle Isbel*,26,KCR,AL,83,288,270,40,63,20,2,5,30,7,1,14,55,.233,.272,.378,.650,76,102,5,1,1,2,0,8/HD,isbelky01
372,Drey Jameson,25,ARI,NL,1,0,0,0,0,0,0,0,0,0,0,0,0,,,,,,0,0,0,0,0,0,1,jamesdr01
373,Travis Jankowski*,32,TEX,AL,103,284,247,34,65,12,1,1,30,19,1,32,42,.263,.350,.332,.682,88,82,6,2,1,2,0,*7H89/D,jankotr01
374,Danny Jansen,28,TOR,AL,86,301,268,38,61,15,0,17,53,0,0,23,62,.228,.312,.474,.786,114,127,3,10,0,0,1,2H/D,janseda01
375,Kenley Jansen#,35,BOS,AL,1,0,0,0,0,0,0,0,0,0,0,0,0,,,,,,0,0,0,0,0,0,1,janseke01
376,Bryce Jarvis*,25,ARI,NL,1,0,0,0,0,0,0,0,0,0,0,0,0,,,,,,0,0,0,0,0,0,/1,jarvibr01
377,Ryan Jeffers,26,MIN,AL,87,298,254,39,69,15,1,10,35,3,2,29,87,.272,.367,.457,.824,125,116,6,10,4,1,0,2/HD,jeffery01
378,Eloy Jiménez,26,CHW,AL,108,441,411,46,111,20,0,17,60,0,0,28,88,.270,.315,.443,.758,104,182,13,0,0,2,2,D9/H,jimenel02
379,Joe Jiménez,28,ATL,NL,1,0,0,0,0,0,0,0,0,0,0,0,0,,,,,,0,0,0,0,0,0,1,jimenjo02
380,Connor Joe,30,PIT,NL,123,431,376,55,87,27,4,10,38,3,5,46,104,.231,.327,.404,.731,98,152,4,8,0,1,0,937H/D,joeco01
381,Bryce Johnson#,27,SFG,NL,30,48,43,7,7,1,0,1,3,3,0,4,15,.163,.229,.256,.485,34,11,0,0,0,1,0,8/H7,johnsbr03
382,Pierce Johnson,32,TOT,NL,1,0,0,0,0,0,0,0,0,0,0,0,0,,,,,,0,0,0,0,0,0,1,johnspi01
383,Pierce Johnson,32,COL,NL,1,0,0,0,0,0,0,0,0,0,0,0,0,,,,,,0,0,0,0,0,0,1,johnspi01
384,Jahmai Jones,25,MIL,NL,7,11,10,2,2,1,0,0,3,1,0,1,5,.200,.273,.300,.573,57,3,0,0,0,0,0,/DH4,jonesja08
385,Nolan Jones*,25,COL,NL,92,362,318,50,86,19,4,16,52,13,2,41,112,.270,.356,.506,.863,121,161,1,2,0,1,2,793/8H5,jonesno01
386,Aaron Judge,31,NYY,AL,95,411,330,70,85,12,0,32,63,3,1,78,117,.258,.397,.585,.981,164,193,5,0,0,3,7,9D8/H,judgeaa01
387,Edouard Julien*,24,MIN,AL,97,354,295,53,79,15,1,13,27,3,0,53,112,.268,.380,.458,.837,129,135,5,2,1,3,0,4DH/3,julieed01
388,Corey Julks,27,HOU,AL,93,323,298,35,73,14,0,6,33,15,3,22,75,.245,.297,.352,.650,80,105,6,1,0,2,0,7DH/9,julksco01
389,Josh Jung,25,TEX,AL,109,461,427,70,117,24,1,22,67,1,3,28,135,.274,.323,.489,.813,117,209,6,4,0,2,0,*5/H,jungjo01
390,Jakob Junis,30,SFG,NL,1,0,0,0,0,0,0,0,0,0,0,0,0,,,,,,0,0,0,0,0,0,1,junisja01
391,Connor Kaiser,26,COL,NL,3,4,4,0,0,0,0,0,0,0,0,0,2,.000,.000,.000,.000,-100,0,0,0,0,0,0,/6H,kaiseco01
392,Karl Kauffmann,25,COL,NL,1,0,0,0,0,0,0,0,0,0,0,0,0,,,,,,0,0,0,0,0,0,/1,kauffka01
393,Anthony Kay*,28,CHC,NL,4,0,0,0,0,0,0,0,0,0,0,0,0,,,,,,0,0,0,0,0,0,1,kayan01
394,Jarred Kelenic*,23,SEA,AL,93,376,339,43,85,24,2,11,45,12,4,34,120,.251,.319,.431,.750,108,146,6,1,0,2,3,79/8DH,kelenja01
395,Carson Kelly,28,TOT,MLB,44,130,119,9,24,5,0,1,8,1,0,10,35,.202,.262,.269,.530,46,32,2,0,0,1,0,2/1DH,kellyca02
396,Carson Kelly,28,ARI,NL,32,92,84,6,19,3,0,1,6,1,0,7,23,.226,.283,.298,.580,60,25,2,0,0,1,0,2/1,kellyca02
397,Carson Kelly,28,DET,AL,12,38,35,3,5,2,0,0,2,0,0,3,12,.143,.211,.200,.411,14,7,0,0,0,0,0,2/DH1,kellyca02
398,Tony Kemp*,31,OAK,AL,119,403,345,41,74,13,3,5,27,15,2,42,37,.214,.308,.313,.621,78,108,8,6,7,3,0,74H/D,kempto01
399,Buddy Kennedy,24,ARI,NL,10,29,24,1,4,1,0,0,1,0,0,4,6,.167,.310,.208,.519,47,5,0,1,0,0,0,/5HD4,kennebu01
400,Max Kepler*,30,MIN,AL,120,449,404,61,102,21,2,22,60,0,1,38,100,.252,.321,.478,.798,116,193,9,4,0,3,0,*9H/D,keplema01
401,Grae Kessinger,25,HOU,AL,24,44,39,2,8,2,0,1,1,0,1,5,12,.205,.295,.333,.629,74,13,0,0,0,0,0,/65H34,kessigr01
402,Carter Kieboom,25,WSN,NL,18,66,62,8,13,2,0,3,8,0,0,3,17,.210,.258,.387,.645,76,24,2,1,0,0,0,5/DH,kieboca01
403,Kevin Kiermaier*,33,TOR,AL,117,366,333,51,89,17,6,8,34,13,1,26,78,.267,.326,.426,.752,107,142,9,4,1,2,0,*8/HD,kiermke01
404,Ha-Seong Kim,27,SDP,NL,143,583,501,81,133,20,0,17,58,36,8,70,116,.265,.356,.407,.764,115,204,7,3,5,4,0,456/HD,kimha01
405,Isiah Kiner-Falefa,28,NYY,AL,107,343,308,38,74,11,1,6,35,13,5,28,64,.240,.307,.341,.648,78,105,12,3,1,3,0,875H/9146,kineris01
406,John King*,28,TOT,MLB,1,0,0,0,0,0,0,0,0,0,0,0,0,,,,,,0,0,0,0,0,0,1,kingjo01
407,John King*,28,TEX,AL,1,0,0,0,0,0,0,0,0,0,0,0,0,,,,,,0,0,0,0,0,0,1,kingjo01
408,Alex Kirilloff*,25,MIN,AL,77,284,251,28,68,13,1,8,34,1,0,26,74,.271,.352,.426,.778,113,107,2,6,0,1,1,397H/D,kirilal01
409,Alejandro Kirk,24,TOR,AL,111,382,334,30,84,15,0,6,37,0,0,40,42,.251,.340,.350,.691,93,117,20,6,0,2,1,2HD,kirkal01
410,Heston Kjerstad*,24,BAL,AL,2,3,3,1,1,0,0,1,1,0,0,0,2,.333,.333,1.333,1.667,333,4,0,0,0,0,0,/DH,kjershe01
411,Andrew Knizner,28,STL,NL,62,209,196,27,47,9,0,10,30,2,0,10,54,.240,.284,.439,.722,95,86,5,2,1,0,0,2/H3D,kniznan01
412,Taylor Kohlwey*,28,SDP,NL,5,13,13,0,2,0,0,0,0,0,0,0,5,.154,.154,.154,.308,-13,2,0,0,0,0,0,/7DH9,kohlwta01
413,Mark Kolozsvary,27,BAL,AL,1,0,0,0,0,0,0,0,0,0,0,0,0,,,,,,0,0,0,0,0,0,/2,kolozma01
414,Ryan Kreidler,25,DET,AL,11,18,18,2,2,0,0,0,0,0,0,0,7,.111,.111,.111,.222,-38,2,0,0,0,0,0,/456DH,kreidry01
415,Steven Kwan*,25,CLE,AL,146,662,589,88,161,32,6,5,51,20,3,63,68,.273,.343,.374,.717,101,220,9,3,1,6,2,*7/DH,kwanst01
416,Tommy La Stella*,34,SEA,AL,12,24,21,2,4,1,0,0,2,0,0,3,5,.190,.292,.238,.530,52,5,0,0,0,0,0,/DH,lasteto01
417,Jake Lamb*,32,LAA,AL,18,54,51,7,11,1,0,2,5,0,0,3,15,.216,.259,.353,.612,64,18,1,0,0,0,0,3/H1,lambja01
418,Shea Langeliers,25,OAK,AL,124,453,414,48,85,17,3,20,56,3,2,31,130,.205,.268,.406,.673,88,168,10,5,1,2,2,*2/DH,langesh01
419,Trevor Larnach*,26,MIN,AL,50,188,162,23,35,6,3,6,32,1,1,24,67,.216,.314,.401,.715,95,65,1,0,0,2,1,79/HD,larnatr01
420,Ramón Laureano,28,TOT,AL,94,365,328,39,74,16,4,9,34,9,0,28,102,.226,.301,.381,.682,92,125,7,8,0,1,0,98/HD,laurera01
421,Ramón Laureano,28,OAK,AL,64,246,225,24,48,10,3,6,21,8,0,17,73,.213,.280,.364,.645,82,82,5,4,0,0,0,9/H8D,laurera01
422,Ramón Laureano,28,CLE,AL,30,119,103,15,26,6,1,3,13,1,0,11,29,.252,.345,.417,.762,112,43,2,4,0,1,0,98/H,laurera01
423,Derek Law,32,CIN,NL,1,0,0,0,0,0,0,0,0,0,0,0,0,,,,,,0,0,0,0,0,0,1,lawde01
424,Jordan Lawlar,20,ARI,NL,7,19,18,1,2,0,0,0,0,1,0,0,8,.111,.158,.111,.269,-24,2,0,1,0,0,0,/6H,lawlajo01
425,Justin Lawrence,28,COL,NL,1,0,0,0,0,0,0,0,0,0,0,0,0,,,,,,0,0,0,0,0,0,1,lawreju01
426,Korey Lee,24,CHW,AL,15,47,43,3,3,0,0,1,3,0,0,4,14,.070,.149,.140,.288,-20,6,0,0,0,0,0,2,leeko01
427,Mark Leiter Jr.,32,CHC,NL,1,0,0,0,0,0,0,0,0,0,0,0,0,,,,,,0,0,0,0,0,0,1,leitema02
428,DJ LeMahieu,34,NYY,AL,125,513,456,50,111,21,2,15,43,0,2,52,113,.243,.324,.397,.721,96,181,12,3,0,2,2,53/4HD,lemahdj01
429,Sandy León#,34,TEX,AL,21,44,41,4,6,2,0,0,4,0,0,1,20,.146,.186,.195,.381,5,8,2,1,1,0,0,2/1H,leonsa01
430,Josh Lester*,28,BAL,AL,11,23,22,0,4,0,0,0,4,0,0,1,7,.182,.217,.182,.399,14,4,1,0,0,0,0,/3HD519,lestejo02
431,Kyle Lewis,27,ARI,NL,16,54,51,2,8,2,0,1,2,0,0,3,21,.157,.204,.255,.459,25,13,0,0,0,0,0,D/H7,lewisky01
432,Royce Lewis,24,MIN,AL,55,227,206,35,64,7,0,14,51,6,1,19,52,.311,.374,.549,.923,150,113,4,2,0,0,0,5/DH6,lewisro02
433,Francisco Lindor#,29,NYM,NL,146,629,553,97,138,33,2,26,87,26,2,59,132,.250,.331,.458,.788,116,253,8,11,0,6,0,*6/DH,lindofr01
434,Andre Lipcius,25,DET,AL,8,24,24,2,8,1,0,1,4,0,0,0,5,.333,.333,.500,.833,125,12,1,0,0,0,0,/5H,lipcian01
435,Tim Locastro,30,NYM,NL,33,40,33,9,7,1,0,1,1,6,0,3,10,.212,.350,.333,.683,92,11,0,4,0,0,0,7H/8D9,locasti01
436,Nick Loftin,24,KCR,AL,10,36,32,6,10,5,1,0,6,0,0,4,6,.313,.389,.531,.920,150,17,0,0,0,0,0,/345DH,loftini01
437,Evan Longoria,37,ARI,NL,71,227,203,25,45,9,0,11,26,0,0,21,71,.222,.291,.429,.719,94,87,8,0,0,3,0,5DH,longoev01
438,Alejo Lopez#,27,CIN,NL,1,2,2,1,1,1,0,0,1,0,0,0,1,.500,.500,1.000,1.500,288,2,0,0,0,0,0,/4,lopezal03
439,Nicky Lopez*,28,TOT,MLB,88,248,213,28,49,7,3,1,24,5,2,25,38,.230,.324,.305,.629,74,65,3,5,4,1,0,45H/637D1,lopezni01
440,Nicky Lopez*,28,KCR,AL,68,190,160,19,34,5,3,0,13,4,2,21,30,.213,.323,.281,.604,69,45,3,5,4,0,0,45/H637D,lopezni01
441,Nicky Lopez*,28,ATL,NL,20,58,53,9,15,2,0,1,11,1,0,4,8,.283,.328,.377,.705,89,20,0,0,0,1,0,4/5H631,lopezni01
442,Brandon Lowe*,28,TBR,AL,105,423,367,56,85,15,1,20,67,7,0,48,116,.232,.326,.441,.768,111,162,7,5,0,3,0,*4/HD,lowebr01
443,Josh Lowe*,25,TBR,AL,125,460,430,61,121,28,2,18,75,29,3,26,114,.281,.322,.481,.803,120,207,6,1,0,3,1,9DH8/7,lowejo01
444,Nathaniel Lowe*,27,TEX,AL,147,664,570,85,158,38,2,16,79,1,0,87,147,.277,.375,.435,.810,121,248,18,4,0,3,2,*3,lowena01
445,Marco Luciano,21,SFG,NL,4,12,11,2,3,1,0,0,0,0,0,1,5,.273,.333,.364,.697,93,4,0,0,0,0,0,/6D,luciama01
446,Nathan Lukes*,28,TOR,AL,29,31,26,4,5,1,1,0,2,0,0,4,9,.192,.290,.308,.598,67,8,1,0,0,1,0,9H/D78,lukesna01
447,Jordan Luplow,29,TOT,AL,33,76,65,9,15,3,0,2,5,2,0,10,22,.231,.342,.369,.711,97,24,1,1,0,0,1,7H/9D831,luplojo01
448,Jordan Luplow,29,TOR,AL,7,17,14,1,3,0,0,0,1,0,0,3,8,.214,.353,.214,.567,64,3,0,0,0,0,1,/9HD,luplojo01
449,Jordan Luplow,29,MIN,AL,26,59,51,8,12,3,0,2,4,2,0,7,14,.235,.339,.412,.751,106,21,1,1,0,0,0,7H/D8931,luplojo01
450,Manny Machado,30,SDP,NL,130,564,508,72,127,20,0,28,84,3,2,48,103,.250,.314,.455,.769,113,231,17,2,0,6,0,*5D,machama01
451,Nick Madrigal,26,CHC,NL,92,294,270,34,71,16,1,2,28,10,2,10,24,.263,.311,.352,.663,79,95,3,9,5,0,0,5H4/D,madrini01
452,Bligh Madris*,27,HOU,AL,12,30,26,4,4,1,0,0,0,0,0,4,7,.154,.267,.192,.459,31,5,0,0,0,0,0,/HD371,madribl01
453,Drew Maggi,34,PIT,NL,3,6,6,1,2,1,0,0,1,0,0,0,1,.333,.333,.500,.833,122,3,0,0,0,0,0,/5HD,maggidr01
454,Luke Maile,32,CIN,NL,68,183,164,15,37,10,0,5,21,1,1,13,47,.226,.302,.378,.680,81,62,8,5,1,0,0,2/1DH,mailelu01
455,Martín Maldonado,36,HOU,AL,106,375,333,29,63,11,0,13,33,0,0,28,127,.189,.258,.339,.598,64,113,10,3,11,0,0,*2/1,maldoma01
456,Trey Mancini,31,CHC,NL,79,263,235,31,55,12,0,4,28,0,0,21,78,.234,.299,.336,.635,72,79,5,2,0,3,1,3DH/9,mancitr01
457,Tucupita Marcano*,23,PIT,NL,75,220,202,16,47,12,2,3,18,5,2,10,35,.233,.276,.356,.633,70,72,2,3,3,2,0,64H/5D,marcatu01
458,Manuel Margot,28,TBR,AL,87,288,265,34,67,18,1,3,32,8,3,17,51,.253,.302,.362,.664,84,96,6,3,0,3,0,89H,margoma01
459,Jake Marisnick,32,TOT,MLB,46,83,76,10,18,3,2,2,10,2,3,3,21,.237,.280,.408,.688,86,31,4,2,1,1,0,8/H9D,marisja01
460,Jake Marisnick,32,TOT,AL,42,77,71,10,16,3,2,2,10,2,2,3,21,.225,.263,.408,.672,81,29,4,1,1,1,0,8/9HD,marisja01
461,Jake Marisnick,32,CHW,AL,9,2,2,1,0,0,0,0,0,0,0,0,1,.000,.000,.000,.000,-100,0,0,0,0,0,0,/98DH,marisja01
462,Jake Marisnick,32,DET,AL,33,75,69,9,16,3,2,2,10,2,2,3,20,.232,.270,.420,.691,86,29,4,1,1,1,0,8/HD,marisja01
463,Jake Marisnick,32,LAD,NL,4,6,5,0,2,0,0,0,0,0,1,0,0,.400,.500,.400,.900,149,2,0,1,0,0,0,/8H,marisja01
464,Cade Marlowe*,26,SEA,AL,34,100,88,14,21,3,2,3,11,4,2,12,33,.239,.330,.420,.750,109,37,1,0,0,0,0,7/H8D9,marloca01
465,Brandon Marsh*,25,PHI,NL,123,434,374,52,107,23,6,10,54,9,2,51,131,.286,.374,.460,.834,127,172,4,4,1,4,2,*87H/9D,marshbr02
466,Ketel Marte#,29,ARI,NL,140,609,536,87,146,25,9,22,75,6,2,64,102,.272,.353,.476,.829,124,255,16,5,0,4,2,*4/DH86,marteke01
467,Noelvi Marte,21,CIN,NL,24,79,72,10,22,5,0,1,7,6,1,6,18,.306,.367,.417,.784,110,30,1,1,0,0,0,5/H6D,marteno01
468,Starling Marte,34,NYM,NL,86,341,315,38,78,7,1,5,28,24,4,16,69,.248,.301,.324,.625,74,102,8,8,2,0,1,9/H8,martest01
469,Chris Martin,37,BOS,AL,1,0,0,0,0,0,0,0,0,0,0,0,0,,,,,,0,0,0,0,0,0,1,martich02
470,J.D. Martinez,35,LAD,NL,99,421,378,53,99,24,2,26,86,1,0,31,132,.262,.315,.542,.857,126,205,9,2,0,8,1,D/7H,martijd02
471,J.P. Martínez*,27,TEX,AL,17,44,40,7,9,1,0,1,4,0,0,2,16,.225,.250,.325,.575,55,13,0,0,0,2,0,/H79D8,martijp01
472,Seth Martinez,28,HOU,AL,1,0,0,0,0,0,0,0,0,0,0,0,0,,,,,,0,0,0,0,0,0,1,martise01
473,Nick Martini*,33,CIN,NL,22,64,58,5,13,1,1,4,11,0,0,4,11,.224,.297,.483,.780,104,28,1,2,0,0,0,/D7H93,martini02
474,Michael Massey*,25,KCR,AL,118,427,396,40,90,17,1,14,52,6,2,22,95,.227,.272,.381,.654,77,151,3,4,1,4,0,*4H/D,massemi02
475,Miles Mastrobuoni*,27,CHC,NL,48,115,100,16,21,3,0,1,4,10,1,12,26,.210,.295,.270,.565,55,27,1,0,3,0,0,5H/D94671,mastrmi01
476,Jorge Mateo,28,BAL,AL,106,328,298,52,64,13,2,7,32,29,4,21,78,.215,.266,.342,.609,69,102,7,1,4,3,0,*6/H8D,mateojo01
477,Mark Mathias,28,TOT,NL,27,72,62,6,14,2,0,0,6,3,0,10,15,.226,.333,.258,.591,65,16,4,0,0,0,0,4/HD9,mathima01
478,Mark Mathias,28,PIT,NL,22,62,52,5,12,2,0,0,4,3,0,10,11,.231,.355,.269,.624,74,14,3,0,0,0,0,4/HD9,mathima01
479,Mark Mathias,28,SFG,NL,5,10,10,1,2,0,0,0,2,0,0,0,4,.200,.200,.200,.400,11,2,1,0,0,0,0,/4H,mathima01
480,Nick Maton*,26,DET,AL,93,293,249,29,43,9,0,8,32,1,2,38,73,.173,.288,.305,.593,64,76,4,3,1,2,1,54HD/6,matonni01
481,Phil Maton,30,HOU,AL,3,0,0,0,0,0,0,0,0,0,0,0,0,,,,,,0,0,0,0,0,0,1,matonph01
482,Luis Matos,21,SFG,NL,69,233,212,24,56,13,1,2,14,3,0,16,30,.264,.325,.363,.688,90,77,3,3,2,0,0,897/HD,matoslu02
483,Ronny Mauricio#,22,NYM,NL,12,46,43,2,13,2,0,1,6,5,0,3,10,.302,.348,.419,.766,112,18,1,0,0,0,0,4/5,mauriro01
484,Tim Mayza*,31,TOR,AL,2,0,0,0,0,0,0,0,0,0,0,0,0,,,,,,0,0,0,0,0,0,1,mayzati01
485,James McArthur,26,KCR,AL,1,0,0,0,0,0,0,0,0,0,0,0,0,,,,,,0,0,0,0,0,0,1,mcartja01
486,James McCann,33,BAL,AL,60,202,186,23,41,13,0,6,25,3,1,7,52,.220,.261,.387,.648,78,72,5,4,3,2,0,2/DH31,mccanja02
487,Jake McCarthy*,25,ARI,NL,89,297,262,34,65,7,5,2,15,26,3,26,57,.248,.327,.336,.662,82,88,4,5,3,1,0,98/HD,mccarja02
488,Chas McCormick,28,HOU,AL,103,408,359,56,100,16,2,20,63,16,4,36,108,.279,.359,.501,.860,135,180,3,10,1,2,0,*879/DH,mccorch01
489,Mason McCoy,28,TOR,AL,6,1,1,2,0,0,0,0,0,0,0,0,1,.000,.000,.000,.000,-100,0,0,0,0,0,0,/6H,mccoyma01
490,Andrew McCutchen,36,PIT,NL,112,473,390,55,100,19,0,12,43,11,3,75,100,.256,.378,.397,.776,112,155,8,4,0,4,1,D/H9,mccutan01
491,Scott McGough,33,ARI,NL,2,0,0,0,0,0,0,0,0,0,0,0,0,,,,,,0,0,0,0,0,0,1,mcgousc01
492,Reese McGuire*,28,BOS,AL,65,187,169,14,46,12,1,1,16,1,1,11,50,.272,.319,.373,.691,86,63,1,1,2,1,0,2H,mcguire01
493,Ryan McKenna,26,BAL,AL,86,139,122,22,31,7,0,2,18,5,0,9,40,.254,.316,.361,.677,89,44,4,3,3,2,0,98H7/D1,mckenry01
494,Billy McKinney*,28,NYY,AL,48,147,128,19,29,3,1,6,14,1,0,17,39,.227,.320,.406,.726,97,52,1,1,0,1,1,79/8H3,mckinbi01
495,Zach McKinstry*,28,DET,AL,137,486,435,55,100,19,4,8,32,16,5,43,107,.230,.302,.347,.649,78,151,3,3,2,3,0,549H76/8D1,mckinza01
496,Matt McLain,23,CIN,NL,89,403,365,65,106,23,4,16,50,14,5,31,115,.290,.357,.507,.864,129,185,5,7,0,0,0,64/DH,mclaima01
497,Ryan McMahon*,28,COL,NL,141,592,523,80,128,30,3,23,70,5,5,65,183,.245,.328,.446,.773,99,233,19,1,0,3,2,*54/DH,mcmahry01
498,Jeff McNeil*,31,NYM,NL,147,609,548,70,145,23,3,9,52,9,0,37,65,.265,.330,.367,.697,94,201,5,18,3,3,0,*497/H386,mcneije01
499,Curtis Mead,22,TBR,AL,14,52,45,8,12,2,1,0,3,0,0,5,15,.267,.365,.356,.721,103,16,2,2,0,0,0,5/DH,meadcu01
500,Austin Meadows*,28,DET,AL,6,21,21,0,5,1,0,0,2,0,0,0,3,.238,.238,.286,.524,44,6,0,0,0,0,0,/7H9,meadoau01
501,Parker Meadows*,23,DET,AL,24,90,75,9,15,2,1,1,8,5,0,12,24,.200,.322,.293,.616,72,22,0,2,0,1,1,8/DH,meadopa01
502,Wade Meckler*,23,SFG,NL,20,64,56,6,13,1,0,0,4,0,0,6,25,.232,.328,.250,.578,64,14,0,2,0,0,0,8/H7,mecklwa01
503,Francisco Mejía#,27,TBR,AL,50,160,150,22,34,11,0,5,19,0,1,6,38,.227,.258,.400,.658,80,60,2,1,1,2,0,2/H,mejiafr01
504,MJ Melendez*,24,KCR,AL,138,563,503,58,117,28,4,14,49,6,3,54,162,.233,.309,.388,.697,90,195,3,3,0,3,2,*97D2/H3,melenmj01
505,Danny Mendick,29,NYM,NL,32,66,63,4,12,3,0,1,4,0,0,3,15,.190,.227,.286,.513,41,18,1,0,0,0,0,4/5HD71,mendida01
506,Joey Meneses,31,WSN,NL,141,600,557,66,157,34,1,11,80,0,0,36,118,.282,.330,.406,.736,103,226,14,5,0,2,0,*D3/H9,menesjo01
507,Óscar Mercado,28,STL,NL,20,32,31,3,9,3,0,0,5,2,1,1,4,.290,.313,.387,.700,91,12,0,0,0,0,0,/978DH,mercaos01
508,Whit Merrifield,34,TOR,AL,137,563,521,64,145,25,0,11,63,25,9,33,95,.278,.321,.390,.711,96,203,15,3,0,6,1,47/H9,merriwh01
509,Julian Merryweather,31,CHC,NL,1,0,0,0,0,0,0,0,0,0,0,0,0,,,,,,0,0,0,0,0,0,1,merryju01
510,Matt Mervis*,25,CHC,NL,27,99,90,8,15,2,0,3,11,0,0,8,32,.167,.242,.289,.531,43,26,1,1,0,0,0,3/H,mervima01
511,Jake Meyers,27,HOU,AL,107,333,301,40,68,16,1,9,32,5,2,26,86,.226,.297,.375,.673,85,113,2,5,0,1,0,*8H/7,meyerja02
512,Drew Millas#,25,WSN,NL,6,14,12,1,4,0,0,1,4,0,0,2,0,.333,.429,.583,1.012,178,7,1,0,0,0,0,/2H,milladr01
513,Brad Miller*,33,TEX,AL,27,67,56,8,12,4,0,1,6,0,0,10,11,.214,.328,.339,.668,83,19,1,0,0,1,0,D/H351,millebr02
514,Owen Miller,26,MIL,NL,90,314,291,29,76,17,0,5,27,13,2,17,61,.261,.303,.371,.674,84,108,6,2,0,4,1,435H/7D9,milleow01
515,Shelby Miller,32,LAD,NL,1,1,1,0,0,0,0,0,0,0,0,0,0,.000,.000,.000,.000,-100,0,0,0,0,0,0,1,millesh01
516,Jose Miranda,25,MIN,AL,40,152,142,12,30,4,0,3,13,0,0,9,24,.211,.263,.303,.566,56,43,8,1,0,0,0,5/D3H,miranjo01
517,Calvin Mitchell*,24,PIT,NL,2,5,4,0,0,0,0,0,0,0,0,1,1,.000,.200,.000,.200,-38,0,0,0,0,0,0,/H9,mitchca01
518,Garrett Mitchell*,24,MIL,NL,16,62,58,9,15,1,1,3,6,1,0,4,24,.259,.306,.466,.772,108,27,0,0,0,0,0,8/H,mitchga01
519,Andruw Monasterio,26,MIL,NL,80,283,253,35,68,14,1,3,25,7,1,28,57,.269,.343,.368,.710,95,93,7,1,0,1,0,54/HD6,monasan01
520,Yoán Moncada#,28,CHW,AL,83,320,300,33,77,17,1,8,36,1,0,17,94,.257,.300,.400,.700,89,120,5,2,0,1,0,5/H,moncayo01
521,Mickey Moniak*,25,LAA,AL,83,316,304,33,85,21,2,13,43,6,3,9,110,.280,.307,.490,.797,112,149,4,3,0,0,1,897/H,moniami01
522,Elehuris Montero,24,COL,NL,73,256,235,30,58,13,2,7,33,0,0,13,92,.247,.297,.409,.705,81,96,4,5,0,3,0,3D5/H,monteel01
523,Rafael Montero,32,HOU,AL,1,0,0,0,0,0,0,0,0,0,0,0,0,,,,,,0,0,0,0,0,0,1,montera01
524,Coco Montes,26,COL,NL,18,41,38,3,7,2,0,1,3,0,0,2,12,.184,.244,.316,.560,44,12,0,1,0,0,0,4/5H6,monteco01
525,Dylan Moore,30,SEA,AL,55,141,124,15,26,7,1,7,19,7,3,13,50,.210,.305,.452,.757,109,56,1,4,0,0,0,H47/6D3985,mooredy01
526,Jovani Moran*,26,MIN,AL,2,0,0,0,0,0,0,0,0,0,0,0,0,,,,,,0,0,0,0,0,0,1,moranjo01
527,Christopher Morel,24,CHC,NL,97,386,350,55,87,15,2,23,67,5,2,31,124,.249,.312,.500,.812,115,175,7,2,1,2,0,D48/795H6,morelch01
528,Gabriel Moreno,23,ARI,NL,100,336,305,30,88,17,1,7,44,6,2,25,68,.289,.339,.420,.759,107,128,14,1,0,5,0,2H/D,morenga01
529,Taylor Motter,33,STL,NL,29,82,76,3,13,3,0,0,2,0,0,5,31,.171,.232,.211,.442,23,16,0,1,0,0,0,45/H63D9,motteta01
530,Ryan Mountcastle,26,BAL,AL,111,459,413,63,111,20,1,18,67,3,1,36,106,.269,.327,.453,.780,115,187,13,3,0,7,1,3D/H,mountry01
531,Mike Moustakas*,34,TOT,MLB,108,370,337,43,85,15,0,12,47,0,0,23,90,.252,.300,.404,.704,86,136,7,3,0,7,1,53H/D,moustmi01
532,Mike Moustakas*,34,COL,NL,47,136,115,21,31,7,0,4,17,0,0,17,34,.270,.360,.435,.795,106,50,1,1,0,3,1,3H5/D,moustmi01
533,Mike Moustakas*,34,LAA,AL,61,234,222,22,54,8,0,8,30,0,0,6,56,.243,.265,.387,.652,74,86,6,2,0,4,0,53/HD,moustmi01
534,Cedric Mullins*,28,BAL,AL,102,405,358,47,89,21,3,14,68,17,3,40,85,.249,.323,.441,.765,111,158,6,1,3,3,1,8/HD,mullice01
535,Max Muncy*,32,LAD,NL,123,524,435,87,91,16,1,35,100,1,2,77,140,.209,.332,.492,.824,119,214,7,6,0,6,4,*5/DH,muncyma01
536,Andrés Muñoz,24,SEA,AL,1,0,0,0,0,0,0,0,0,0,0,0,0,,,,,,0,0,0,0,0,0,1,munozan01
537,Penn Murfee,29,SEA,AL,1,0,0,0,0,0,0,0,0,0,0,0,0,,,,,,0,0,0,0,0,0,1,murfepe01
538,Sean Murphy,28,ATL,NL,101,411,348,62,92,21,0,20,67,0,0,44,90,.264,.375,.497,.872,132,173,17,18,0,1,0,2/DH,murphse01
539,Tom Murphy,32,SEA,AL,47,159,145,19,42,12,0,8,17,0,0,10,44,.290,.335,.538,.873,140,78,4,1,0,2,0,2/DH,murphto04
540,Dane Myers,27,MIA,NL,22,70,67,9,18,3,0,1,9,1,1,2,19,.269,.286,.358,.644,74,24,1,0,0,1,0,8/D7H,myersda01
541,Wil Myers,32,CIN,NL,37,141,127,11,24,3,0,3,12,2,1,12,48,.189,.257,.283,.541,45,36,3,0,1,1,0,93/DH,myerswi01
542,James Naile,30,STL,NL,1,0,0,0,0,0,0,0,0,0,0,0,0,,,,,,0,0,0,0,0,0,1,naileja01
543,Omar Narváez*,31,NYM,NL,42,126,109,11,20,4,0,1,6,0,0,13,23,.183,.264,.248,.512,44,27,1,0,1,3,0,2/H,narvaom01
544,Bo Naylor*,23,CLE,AL,59,203,177,25,41,11,0,8,24,4,0,24,49,.232,.325,.429,.755,109,76,1,1,0,1,1,2/H,naylobo01
545,Josh Naylor*,26,CLE,AL,108,439,405,46,127,28,0,17,91,9,2,27,62,.314,.353,.509,.862,137,206,9,1,0,6,8,3D/H9,naylojo01
546,Kyle Nelson*,26,ARI,NL,1,0,0,0,0,0,0,0,0,0,0,0,0,,,,,,0,0,0,0,0,0,1,nelsoky01
547,Hector Neris,34,HOU,AL,1,0,0,0,0,0,0,0,0,0,0,0,0,,,,,,0,0,0,0,0,0,1,nerishe01
548,Zach Neto,22,LAA,AL,72,275,244,32,55,14,0,8,30,5,0,15,62,.225,.303,.381,.684,85,93,4,13,1,2,0,6/H,netoza01
549,Tyler Nevin,26,DET,AL,31,81,66,8,11,2,0,1,6,0,1,11,18,.167,.309,.242,.551,55,16,1,3,0,1,0,/5DH739,nevinty01
550,Kevin Newman,29,CIN,NL,74,253,225,28,57,16,0,3,28,8,1,17,34,.253,.311,.364,.675,81,82,7,4,2,5,0,564H/3D,newmake01
551,Tomás Nido,29,NYM,NL,22,61,56,5,7,0,0,0,1,0,0,2,18,.125,.153,.125,.278,-21,7,2,0,2,1,0,2/H,nidoto01
552,Brandon Nimmo*,30,NYM,NL,142,636,551,81,146,26,5,23,60,3,3,69,138,.265,.356,.456,.811,123,251,6,11,1,4,0,*8/7DH,nimmobr01
553,Ryan Noda*,27,OAK,AL,114,439,357,59,85,21,1,15,52,3,1,70,144,.238,.376,.429,.804,129,153,4,10,0,2,1,*3H/D97,nodary01
554,Austin Nola,33,SDP,NL,52,154,130,9,19,3,0,1,8,0,0,18,31,.146,.260,.192,.452,31,25,5,2,4,0,0,2/H,nolaau01
555,Lars Nootbaar*,25,STL,NL,103,447,376,68,101,21,1,13,43,10,1,66,87,.269,.377,.434,.810,123,163,6,1,1,3,2,*897/HD,nootbla01
556,Ryan O'Hearn*,29,BAL,AL,98,316,298,43,88,19,1,13,55,4,1,13,71,.295,.326,.497,.823,126,148,2,2,0,3,1,39HD/7,ohearry01
557,Logan O'Hoppe,23,LAA,AL,39,150,139,14,31,5,0,10,22,0,1,8,36,.223,.273,.475,.748,98,66,4,2,0,1,0,2/DH,ohopplo01
558,Brian O'Keefe,29,SEA,AL,8,21,19,0,2,2,0,0,2,0,0,2,7,.105,.190,.211,.401,13,4,2,0,0,0,0,/2H,okeefbr01
559,Tyler O'Neill,28,STL,NL,72,266,238,27,55,14,0,9,21,5,0,28,67,.231,.312,.403,.715,95,96,5,0,0,0,0,78/HD,oneilty01
560,Rougned Odor*,29,SDP,NL,59,157,138,21,28,9,0,4,18,2,1,17,37,.203,.299,.355,.654,84,49,2,2,0,0,0,4H/5D93,odorro01
561,Shohei Ohtani*,28,LAA,AL,135,599,497,102,151,26,8,44,95,20,6,91,143,.304,.412,.654,1.066,183,325,9,3,0,3,21,*D1,ohtansh01
562,Chris Okey,28,LAA,AL,2,2,2,0,0,0,0,0,0,0,0,0,2,.000,.000,.000,.000,-100,0,0,0,0,0,0,/2,okeych01
563,Edward Olivares,27,KCR,AL,96,346,319,43,83,21,4,10,30,9,4,19,59,.260,.312,.445,.757,105,142,6,6,0,2,1,7DH/98,olivaed02
564,Matt Olson*,29,ATL,NL,148,663,559,117,157,26,3,52,129,1,0,96,157,.281,.388,.617,1.005,164,345,11,4,0,4,8,*3,olsonma02
565,Jonathan Ornelas,23,TEX,AL,7,7,6,2,1,0,0,0,0,0,0,0,3,.167,.286,.167,.452,29,1,0,1,0,0,0,/5H6,orneljo01
566,Rafael Ortega*,32,NYM,NL,35,109,89,12,20,3,0,1,7,6,1,18,25,.225,.361,.292,.653,85,26,0,1,1,0,0,87/9HD,ortegra01
567,Joey Ortiz,24,BAL,AL,15,34,33,4,7,1,0,0,4,0,0,0,9,.212,.206,.242,.448,25,8,2,0,0,1,0,/45H6,ortizjo06
568,James Outman*,26,LAD,NL,138,516,436,77,107,14,3,20,65,15,2,64,166,.245,.355,.429,.784,111,187,3,12,0,4,1,*87/H9D,outmaja01
569,Chris Owings,31,PIT,NL,10,25,25,0,4,0,0,0,0,0,0,0,12,.160,.160,.160,.320,-12,4,1,0,0,0,0,6/81,owingch01
570,Marcell Ozuna,32,ATL,NL,131,534,478,76,126,23,0,34,81,0,0,52,120,.264,.337,.525,.862,127,251,9,2,0,2,1,*D/7H,ozunama01
571,Cristian Pache,24,PHI,NL,40,72,64,9,17,7,1,2,9,1,2,7,17,.266,.338,.500,.838,126,32,1,0,1,0,0,78H/9,pachecr01
572,Kevin Padlo,26,LAA,AL,3,8,8,1,1,1,0,0,0,0,0,0,0,.125,.125,.250,.375,-2,2,1,0,0,0,0,/35,padloke01
573,Joshua Palacios*,27,PIT,NL,80,236,220,22,50,9,2,8,33,5,0,11,49,.227,.269,.395,.665,78,87,7,2,2,1,0,97H8/D,palacjo01
574,Richie Palacios*,26,STL,NL,18,50,47,4,14,2,0,4,9,1,0,2,6,.298,.327,.596,.922,146,28,0,0,1,0,0,/8H7D94,palacri01
575,Isaac Paredes,24,TBR,AL,131,516,445,65,111,21,0,29,89,1,0,50,90,.249,.351,.492,.843,132,219,10,20,0,1,0,*534/HD6,paredis01
576,Kyren Paris,21,LAA,AL,15,46,40,4,4,0,0,0,1,3,0,4,17,.100,.200,.100,.300,-14,4,0,1,1,0,0,/648HD,parisky01
577,Vinnie Pasquantino*,25,KCR,AL,61,260,231,24,57,17,0,9,26,0,0,25,31,.247,.324,.437,.762,107,101,7,2,0,1,2,3D/H,pasquvi01
578,Joc Pederson*,31,SFG,NL,109,383,323,54,79,12,3,13,48,0,0,50,77,.245,.355,.421,.776,114,136,11,7,0,3,4,D7H/93,pederjo01
579,Liover Peguero,22,PIT,NL,48,170,157,20,39,4,0,7,23,4,2,9,50,.248,.292,.408,.699,87,64,4,1,2,1,0,46,pegueli01
580,Jeremy Peña,25,HOU,AL,137,582,530,79,140,30,3,10,49,11,8,40,116,.264,.326,.389,.715,98,206,11,9,0,1,1,*6,penaje02
581,David Peralta*,35,LAD,NL,121,380,353,42,94,20,1,7,51,4,1,19,65,.266,.303,.388,.691,85,137,7,2,0,6,1,*7H9/D,peralda01
582,Oswald Peraza,23,NYY,AL,41,148,134,10,28,6,0,1,12,4,3,9,33,.209,.284,.276,.560,55,37,1,5,0,0,0,5/4H6D,perazos02
583,Geraldo Perdomo#,23,ARI,NL,132,454,376,64,94,19,3,6,44,16,4,58,78,.250,.355,.364,.720,98,137,2,5,12,3,1,*64H5,perdoge01
584,Everson Pereira,22,NYY,AL,21,79,70,6,10,3,0,0,7,4,0,7,31,.143,.241,.186,.426,20,13,1,2,0,0,0,7,pereiev01
585,Carlos Pérez,32,OAK,AL,62,180,161,17,37,4,0,6,20,0,0,12,38,.230,.291,.366,.657,86,59,3,3,1,3,0,2H3D/17,perezca02
586,Carlos Pérez,26,CHW,AL,21,36,33,4,8,3,0,0,2,0,0,3,9,.242,.306,.333,.639,75,11,2,0,0,0,0,2H/D,perezca03
587,Cionel Pérez,27,BAL,AL,2,0,0,0,0,0,0,0,0,0,0,0,0,,,,,,0,0,0,0,0,0,1,perezci01
588,Michael Perez*,30,NYM,NL,2,7,7,1,4,1,0,0,0,0,0,0,1,.571,.571,.714,1.286,255,5,0,0,0,0,0,/2,perezmi03
589,Roberto Pérez,34,SFG,NL,5,17,15,0,2,0,0,0,1,0,0,2,6,.133,.235,.133,.369,6,2,0,0,0,0,0,/2,perezro02
590,Salvador Perez,33,KCR,AL,133,551,511,56,129,20,0,21,72,0,0,18,128,.252,.291,.415,.706,91,212,11,13,0,7,6,2D3,perezsa02
591,Blake Perkins#,26,MIL,NL,56,137,118,21,25,4,0,2,16,5,2,17,41,.212,.311,.297,.608,68,35,1,0,2,0,0,9H78/D,perkibl01
592,Jace Peterson*,33,TOT,MLB,126,406,353,33,75,8,4,6,36,13,2,44,98,.212,.304,.309,.613,75,109,7,4,2,3,2,*5H4/D137,peterja01
593,Jace Peterson*,33,OAK,AL,92,324,281,30,62,7,2,6,28,11,1,36,77,.221,.313,.324,.637,82,91,6,3,1,3,1,54H/1D7,peterja01
594,Jace Peterson*,33,ARI,NL,34,82,72,3,13,1,2,0,8,2,1,8,21,.181,.272,.250,.522,45,18,1,1,1,0,1,5H/D34,peterja01
595,Tommy Pham,35,TOT,NL,118,433,387,51,102,26,3,16,62,20,3,40,96,.264,.333,.470,.803,119,182,10,2,0,4,1,7DH9/8,phamth01
596,Tommy Pham,35,NYM,NL,79,264,231,29,62,15,1,10,36,11,1,29,56,.268,.348,.472,.820,125,109,2,1,0,3,1,7DH/8,phamth01
597,Tommy Pham,35,ARI,NL,39,169,156,22,40,11,2,6,26,9,2,11,40,.256,.308,.468,.776,109,73,8,1,0,1,0,7D9,phamth01
598,Brett Phillips*,29,LAA,AL,29,52,45,9,11,1,0,3,6,3,1,7,23,.244,.346,.467,.813,118,21,0,0,0,0,0,8/H79D1,phillbr02
599,Kevin Pillar,34,ATL,NL,70,174,166,24,38,9,0,7,25,4,0,6,43,.229,.253,.410,.663,74,68,2,0,0,2,0,7H/98,pillake01
600,Manny Piña,36,OAK,AL,4,12,12,1,3,0,0,1,1,0,0,0,3,.250,.250,.500,.750,106,6,1,0,0,0,0,/2D,pinama01
601,René Pinto,26,TBR,AL,28,78,76,7,20,2,0,5,12,0,0,2,22,.263,.282,.487,.769,108,37,2,0,0,0,0,2/1,pintore02
602,Nick Pivetta,30,BOS,AL,1,0,0,0,0,0,0,0,0,0,0,0,0,,,,,,0,0,0,0,0,0,1,pivetni01
603,Jorge Polanco#,29,MIN,AL,71,304,266,35,70,16,0,12,42,4,0,33,75,.263,.345,.459,.804,119,122,1,2,0,3,0,45D/H,polanjo01
604,AJ Pollock,35,TOT,MLB,54,144,133,15,22,4,0,5,15,0,1,9,32,.165,.215,.308,.524,45,41,1,0,0,2,0,D7H/89,polloaj01
605,AJ Pollock,35,SEA,AL,49,138,127,15,22,4,0,5,15,0,1,9,30,.173,.225,.323,.547,52,41,1,0,0,2,0,D7H,polloaj01
606,AJ Pollock,35,SFG,NL,5,6,6,0,0,0,0,0,0,0,0,0,2,.000,.000,.000,.000,-100,0,0,0,0,0,0,/789,polloaj01
607,Logan Porter,27,KCR,AL,2,8,7,2,3,0,0,1,3,0,0,0,1,.429,.500,.857,1.357,263,6,0,1,0,0,0,/2,portelo01
608,Nick Pratto*,24,KCR,AL,84,316,277,32,65,16,0,7,32,1,1,29,122,.235,.316,.368,.685,88,102,3,6,0,4,0,37/H9,prattni01
609,Ryan Pressly,34,HOU,AL,2,0,0,0,0,0,0,0,0,0,0,0,0,,,,,,0,0,0,0,0,0,1,pressry01
610,Jurickson Profar#,30,TOT,NL,116,493,434,53,106,26,2,9,41,1,0,47,87,.244,.323,.376,.699,82,163,10,6,0,5,0,7D/H349,profaju01
611,Jurickson Profar#,30,COL,NL,111,472,415,51,98,25,2,8,39,1,0,45,86,.236,.316,.364,.680,77,151,9,6,0,5,0,7D/H,profaju01
612,Jurickson Profar#,30,SDP,NL,5,21,19,2,8,1,0,1,2,0,0,2,1,.421,.476,.632,1.108,209,12,1,0,0,0,0,/34D9,profaju01
613,Juniel Querecuto#,30,STL,NL,2,4,4,1,0,0,0,0,0,0,0,0,2,.000,.000,.000,.000,-100,0,0,0,0,0,0,/4H,quereju01
614,Ceddanne Rafaela,22,BOS,AL,17,47,45,9,15,4,0,2,3,1,1,2,17,.333,.362,.556,.917,142,25,1,0,0,0,0,8/H64D,rafaece01
615,Cole Ragans*,25,TOT,AL,1,0,0,0,0,0,0,0,0,0,0,0,0,,,,,,0,0,0,0,0,0,1,raganco01
616,Cole Ragans*,25,TEX,AL,1,0,0,0,0,0,0,0,0,0,0,0,0,,,,,,0,0,0,0,0,0,1,raganco01
617,Cal Raleigh#,26,SEA,AL,132,513,460,70,107,21,1,28,69,0,0,51,142,.233,.310,.465,.775,114,214,5,1,0,1,1,*2HD,raleica01
618,Brooks Raley*,35,NYM,NL,1,0,0,0,0,0,0,0,0,0,0,0,0,,,,,,0,0,0,0,0,0,1,raleybr01
619,Luke Raley*,28,TBR,AL,117,405,356,56,89,23,3,19,49,14,3,28,128,.250,.334,.492,.826,126,175,2,18,1,2,0,93D7H8/1,raleylu01
620,Harold Ramírez,28,TBR,AL,110,392,362,50,110,17,2,11,61,5,3,20,73,.304,.344,.453,.797,120,164,6,5,0,5,0,DH/379,ramirha02
621,José Ramírez#,30,CLE,AL,143,633,560,82,156,35,5,23,76,25,6,66,66,.279,.352,.482,.834,131,270,8,1,0,6,20,*5D,ramirjo01
622,Heliot Ramos,23,SFG,NL,20,52,48,5,10,4,0,1,2,0,0,4,18,.208,.269,.354,.623,71,17,1,0,0,0,0,7/9H8D,ramoshe02
623,Henry Ramos#,31,CIN,NL,23,86,74,9,18,3,1,0,5,2,1,11,21,.243,.349,.311,.660,80,23,2,1,0,0,0,9/D7H,ramoshe01
624,J.T. Realmuto,32,PHI,NL,125,500,452,64,113,27,5,18,56,14,4,33,128,.250,.309,.451,.761,105,204,10,8,0,5,3,*2/H,realmjt01
625,Rob Refsnyder,32,BOS,AL,83,228,189,28,46,8,1,1,26,7,2,31,45,.243,.363,.312,.675,85,59,6,5,1,1,0,7H8/D9,refsnro01
626,Zach Remillard,29,CHW,AL,46,142,130,16,33,7,0,1,17,4,3,8,42,.254,.302,.331,.633,73,43,3,1,3,0,1,4/5H976D,remilza01
627,Anthony Rendon,33,LAA,AL,43,183,148,23,35,6,0,2,22,2,0,25,27,.236,.361,.318,.678,87,47,6,6,0,4,0,5,rendoan01
628,Hunter Renfroe,31,TOT,MLB,139,544,495,58,116,31,0,20,60,0,0,43,125,.234,.298,.418,.716,92,207,15,3,0,3,0,*9H/D3,renfrhu01
629,Hunter Renfroe,31,LAA,AL,126,504,459,56,111,31,0,19,56,0,0,39,113,.242,.304,.434,.737,97,199,15,3,0,3,0,*9/H3,renfrhu01
630,Hunter Renfroe,31,CIN,NL,13,40,36,2,5,0,0,1,4,0,0,4,12,.139,.225,.222,.447,21,8,0,0,0,0,0,/DH9,renfrhu01
631,Luis Rengifo#,26,LAA,AL,126,445,394,55,104,15,4,16,51,6,4,41,82,.264,.339,.444,.783,111,175,3,6,0,4,0,465H9/78,rengilu01
632,Franmil Reyes,27,KCR,AL,19,65,59,5,11,0,0,2,7,0,0,4,24,.186,.231,.288,.519,42,17,3,0,0,2,0,D/7H9,reyesfr01
633,Pablo Reyes,29,BOS,AL,54,164,149,25,45,9,0,2,19,6,2,11,20,.302,.346,.403,.748,101,60,3,0,2,2,0,64/HD15,reyespa01
634,Bryan Reynolds#,28,PIT,NL,134,586,529,78,144,31,5,22,77,12,1,46,121,.272,.333,.474,.807,116,251,13,5,0,6,2,*78D/H,reynobr01
635,Matt Reynolds,32,CIN,NL,2,5,5,1,1,0,0,0,0,0,0,0,3,.200,.200,.200,.400,8,1,0,0,0,0,0,/53,reynoma03
636,Austin Riley,26,ATL,NL,146,653,585,106,163,27,2,36,90,3,1,51,153,.279,.340,.516,.856,125,302,18,8,0,9,3,*5,rileyau01
637,Edwin Rios*,29,CHC,NL,18,34,28,3,2,1,0,1,2,0,0,5,16,.071,.235,.214,.450,23,6,0,1,0,0,0,D/H5,riosed01
638,Alfonso Rivas*,26,TOT,NL,44,111,97,7,20,9,1,3,10,1,0,9,33,.206,.291,.412,.703,89,40,1,3,1,1,0,3/H7,rivasal01
639,Alfonso Rivas*,26,SDP,NL,8,17,15,2,3,2,0,0,1,0,0,2,7,.200,.294,.333,.627,76,5,0,0,0,0,0,/3H,rivasal01
640,Alfonso Rivas*,26,PIT,NL,36,94,82,5,17,7,1,3,9,1,0,7,26,.207,.290,.427,.717,92,35,1,3,1,1,0,3/H7,rivasal01
641,Emmanuel Rivera,27,ARI,NL,79,264,242,32,64,12,0,4,27,1,0,19,53,.264,.314,.364,.678,85,88,8,0,0,3,0,5H3/D,riverem01
642,Anthony Rizzo*,33,NYY,AL,99,421,373,45,91,14,0,12,41,0,3,35,97,.244,.328,.378,.706,93,141,10,12,0,1,1,3/D,rizzoan01
643,Luis Robert Jr.,25,CHW,AL,139,575,527,85,138,35,1,35,75,17,4,29,166,.262,.314,.531,.845,125,280,10,12,0,2,5,*8/H,roberlu01
644,Victor Robles,26,WSN,NL,36,126,107,15,32,5,1,0,8,8,1,11,18,.299,.385,.364,.750,110,39,3,4,4,0,0,8,roblevi01
645,Brayan Rocchio#,22,CLE,AL,19,70,66,7,16,4,0,0,5,0,0,3,22,.242,.271,.303,.574,61,20,4,0,0,1,0,6/5H,rocchbr01
646,Brendan Rodgers,26,COL,NL,32,129,119,13,26,6,1,0,11,0,0,8,32,.218,.279,.286,.565,48,34,2,2,0,0,0,4/DH,rodgebr02
647,Endy Rodríguez#,23,PIT,NL,49,169,154,21,34,7,2,2,10,0,0,14,38,.221,.284,.331,.615,67,51,1,0,0,1,0,2H/3D,rodrien01
648,José Rodriguez,22,CHW,AL,1,0,0,1,0,0,0,0,0,0,0,0,0,,,,,,0,0,0,0,0,0,/4H,rodrijo09
649,Julio Rodríguez,22,SEA,AL,141,652,601,95,174,35,2,30,99,36,10,43,156,.290,.345,.504,.849,135,303,13,8,0,0,5,*8/D,rodriju01
650,Jake Rogers,28,DET,AL,98,333,301,43,65,11,0,17,40,1,1,26,107,.216,.283,.422,.705,90,127,6,3,1,2,0,2/HD7,rogerja03
651,Taylor Rogers*,32,SFG,NL,1,0,0,0,0,0,0,0,0,0,0,0,0,,,,,,0,0,0,0,0,0,1,rogerta01
652,Tyler Rogers,32,SFG,NL,1,0,0,0,0,0,0,0,0,0,0,0,0,,,,,,0,0,0,0,0,0,1,rogerty01
653,Johan Rojas,22,PHI,NL,48,127,114,16,34,9,1,1,19,11,1,5,29,.298,.344,.421,.765,109,48,1,3,5,0,0,8/HD,rojasjo03
654,Josh Rojas*,29,TOT,MLB,93,316,281,43,70,16,0,3,37,11,0,26,76,.249,.311,.338,.649,80,95,3,1,2,4,0,54H/D71,rojasjo01
655,Josh Rojas*,29,ARI,NL,59,216,189,23,43,13,0,0,26,6,0,18,51,.228,.292,.296,.589,62,56,2,1,2,4,0,5/H4D71,rojasjo01
656,Josh Rojas*,29,SEA,AL,34,100,92,20,27,3,0,3,11,5,0,8,25,.293,.350,.424,.774,117,39,1,0,0,0,0,4/H5,rojasjo01
657,Miguel Rojas,34,LAD,NL,114,394,357,45,84,16,1,4,29,8,3,26,45,.235,.291,.319,.610,65,114,12,4,2,5,0,*6H/D145,rojasmi02
658,Jordan Romano,30,TOR,AL,1,0,0,0,0,0,0,0,0,0,0,0,0,,,,,,0,0,0,0,0,0,1,romanjo03
659,JoJo Romero*,26,STL,NL,1,0,0,0,0,0,0,0,0,0,0,0,0,,,,,,0,0,0,0,0,0,1,romerjo01
660,Brent Rooker,28,OAK,AL,124,477,419,54,100,18,1,25,59,3,0,45,155,.239,.323,.465,.788,121,195,11,9,0,4,1,D79H,rookebr01
661,Ben Rortvedt*,25,NYY,AL,30,71,61,5,7,1,0,2,4,0,0,10,18,.115,.239,.230,.469,30,14,1,0,0,0,0,2/HD,rortvbe01
662,Amed Rosario,27,TOT,MLB,133,521,487,65,126,24,7,6,56,13,2,29,96,.259,.301,.374,.675,86,182,14,2,0,3,0,64H/D,rosaram01
663,Amed Rosario,27,CLE,AL,94,412,385,51,102,19,6,3,40,9,0,22,77,.265,.306,.369,.675,88,142,11,2,0,3,0,6/HD,rosaram01
664,Amed Rosario,27,LAD,NL,39,109,102,14,24,5,1,3,16,4,2,7,19,.235,.284,.392,.677,81,40,3,0,0,0,0,4H6/D,rosaram01
665,Eddie Rosario*,31,ATL,NL,130,476,439,61,116,23,3,21,72,3,4,34,113,.264,.316,.474,.790,108,208,13,0,1,2,1,*7D/H,rosared01
666,Eguy Rosario,23,SDP,NL,3,11,11,1,2,0,0,1,1,0,0,0,3,.182,.182,.455,.636,71,5,1,0,0,0,0,/54,rosareg01
667,Michael Rucker,29,CHC,NL,2,0,0,0,0,0,0,0,0,0,0,0,0,,,,,,0,0,0,0,0,0,1,ruckemi01
668,Darin Ruf,36,TOT,NL,20,57,49,3,11,3,0,0,3,0,0,8,16,.224,.333,.286,.619,73,14,0,0,0,0,0,D/H3,rufda01
669,Darin Ruf,36,SFG,NL,9,27,23,1,6,2,0,0,3,0,0,4,9,.261,.370,.348,.718,101,8,0,0,0,0,0,/DH,rufda01
670,Darin Ruf,36,MIL,NL,11,30,26,2,5,1,0,0,0,0,0,4,7,.192,.300,.231,.531,49,6,0,0,0,0,0,/D3H,rufda01
671,Esteury Ruiz,24,OAK,AL,119,460,415,44,104,23,1,4,42,59,10,17,93,.251,.305,.340,.645,84,141,5,16,4,1,1,*8H7/9D,ruizes01
672,José Ruiz,28,TOT,MLB,1,0,0,0,0,0,0,0,0,0,0,0,0,,,,,,0,0,0,0,0,0,1,ruizjo01
673,José Ruiz,28,ARI,NL,1,0,0,0,0,0,0,0,0,0,0,0,0,,,,,,0,0,0,0,0,0,1,ruizjo01
674,Keibert Ruiz#,24,WSN,NL,125,512,474,49,120,20,0,17,60,1,1,30,50,.253,.305,.403,.708,94,191,13,6,0,2,1,*2D/H,ruizke01
675,Blake Rutherford*,26,WSN,NL,15,34,33,4,6,0,0,0,2,0,0,1,10,.182,.206,.182,.388,9,6,1,0,0,0,0,7/H,ruthebl01
676,Adley Rutschman#,25,BAL,AL,142,634,544,77,145,24,1,18,71,1,2,84,93,.267,.364,.414,.778,118,225,13,2,0,4,6,*2D/H,rutscad01
677,Blake Sabol*,25,SFG,NL,104,326,294,36,72,10,0,13,44,4,2,23,110,.245,.311,.412,.722,98,121,4,6,1,2,0,27HD,sabolbl01
678,César Salazar*,27,HOU,AL,13,19,18,1,2,0,0,0,0,0,0,1,6,.111,.158,.111,.269,-23,2,1,0,0,0,0,/2H,salazce01
679,Gary Sánchez,30,TOT,NL,75,267,240,33,52,9,0,19,47,0,0,21,67,.217,.288,.492,.780,114,118,3,4,0,2,0,2/DH,sanchga02
680,Gary Sánchez,30,NYM,NL,3,7,6,0,1,0,0,0,1,0,0,0,3,.167,.143,.167,.310,-14,1,0,0,0,1,0,/2,sanchga02
681,Gary Sánchez,30,SDP,NL,72,260,234,33,51,9,0,19,46,0,0,21,64,.218,.292,.500,.792,117,117,3,4,0,1,0,2/DH,sanchga02
682,Jesús Sánchez*,25,MIA,NL,114,363,327,41,85,22,3,13,51,3,1,33,91,.260,.329,.465,.794,113,152,11,1,1,1,1,*9H/87D,sanchje02
683,Cole Sands,25,MIN,AL,1,0,0,0,0,0,0,0,0,0,0,0,0,,,,,,0,0,0,0,0,0,1,sandsco01
684,Carlos Santana#,37,TOT,NL,134,568,503,73,118,29,0,21,75,6,0,62,98,.235,.317,.417,.734,98,210,8,0,0,3,0,*3D/H,santaca01
685,Carlos Santana#,37,PIT,NL,94,393,345,45,81,25,0,12,53,6,0,45,69,.235,.321,.412,.732,97,142,3,0,0,3,0,3/D,santaca01
686,Carlos Santana#,37,MIL,NL,40,175,158,28,37,4,0,9,22,0,0,17,29,.234,.309,.430,.739,100,68,5,0,0,0,0,3/DH,santaca01
687,Anthony Santander#,28,BAL,AL,140,601,538,76,137,37,1,27,84,4,1,54,135,.255,.326,.478,.804,121,257,9,5,0,4,1,9D3/7H,santaan02
688,Tony Santillan,26,CIN,NL,1,0,0,0,0,0,0,0,0,0,0,0,0,,,,,,0,0,0,0,0,0,/1,santito01
689,Tayler Saucedo*,30,SEA,AL,2,0,0,0,0,0,0,0,0,0,0,0,0,,,,,,0,0,0,0,0,0,1,sauceta01
690,Josh Sborz,29,TEX,AL,1,1,1,0,0,0,0,0,0,0,0,0,1,.000,.000,.000,.000,-100,0,0,0,0,0,0,1,sborzjo01
691,Nolan Schanuel*,21,LAA,AL,21,98,81,14,24,1,0,1,4,0,0,15,12,.296,.418,.346,.764,112,28,1,2,0,0,1,3/DH,schanno01
692,Casey Schmitt,24,SFG,NL,88,271,247,26,50,15,0,3,28,2,1,13,64,.202,.254,.300,.553,52,74,7,5,3,3,0,654H,schmica01
693,Davis Schneider,24,TOR,AL,29,119,98,21,30,10,1,8,20,1,0,19,35,.306,.429,.673,1.102,199,66,2,2,0,0,0,4/D57H,schneda03
694,Jonathan Schoop,31,DET,AL,55,151,136,15,29,8,0,0,7,0,0,13,37,.213,.278,.272,.550,53,37,6,0,0,2,0,45H/D16,schoojo01
695,John Schreiber,29,BOS,AL,2,0,0,0,0,0,0,0,0,0,0,0,0,,,,,,0,0,0,0,0,0,1,schrejo01
696,Kyle Schwarber*,30,PHI,NL,147,665,539,101,106,16,1,44,97,0,2,118,197,.197,.344,.475,.819,122,256,4,5,0,3,5,*7D,schwaky01
697,Tayler Scott,31,TOT,MLB,2,0,0,0,0,0,0,0,0,0,0,0,0,,,,,,0,0,0,0,0,0,1,scottta02
698,Tayler Scott,31,TOT,AL,1,0,0,0,0,0,0,0,0,0,0,0,0,,,,,,0,0,0,0,0,0,1,scottta02
699,Tayler Scott,31,LAD,NL,1,0,0,0,0,0,0,0,0,0,0,0,0,,,,,,0,0,0,0,0,0,/1,scottta02
700,Tayler Scott,31,BOS,AL,1,0,0,0,0,0,0,0,0,0,0,0,0,,,,,,0,0,0,0,0,0,/1,scottta02
701,Corey Seager*,29,TEX,AL,105,477,423,83,144,41,0,31,92,2,1,46,78,.340,.403,.657,1.060,182,278,8,2,0,6,8,6/D,seageco01
702,Jean Segura,33,MIA,NL,85,326,301,25,66,5,2,3,21,6,2,22,47,.219,.277,.279,.556,53,84,12,2,1,0,1,5/H,segurje01
703,Marcus Semien,32,TEX,AL,148,692,615,112,170,37,4,24,89,14,3,67,98,.276,.349,.467,.815,120,287,5,4,0,5,1,*4,semiema01
704,Nick Senzel,28,CIN,NL,95,310,282,43,65,10,0,11,39,6,2,25,68,.230,.294,.383,.677,80,108,8,1,0,2,0,578H9/4D,senzeni01
705,Brian Serven,28,COL,NL,11,23,23,0,3,1,0,0,1,0,0,0,10,.130,.130,.174,.304,-22,4,0,0,0,0,0,2/HD,servebr01
706,Paul Sewald,33,TOT,MLB,2,0,0,0,0,0,0,0,0,0,0,0,0,,,,,,0,0,0,0,0,0,1,sewalpa01
707,Paul Sewald,33,SEA,AL,1,0,0,0,0,0,0,0,0,0,0,0,0,,,,,,0,0,0,0,0,0,1,sewalpa01
708,Paul Sewald,33,ARI,NL,1,0,0,0,0,0,0,0,0,0,0,0,0,,,,,,0,0,0,0,0,0,1,sewalpa01
709,Gavin Sheets*,27,CHW,AL,105,299,272,23,57,9,0,10,40,0,0,24,58,.210,.274,.353,.627,70,96,5,1,0,2,2,93HD/7,sheetga01
710,Braden Shewmake*,25,ATL,NL,2,4,4,0,0,0,0,0,0,0,0,0,1,.000,.000,.000,.000,-100,0,0,0,0,0,0,/6,shewmbr01
711,Zack Short,28,DET,AL,99,234,205,16,44,9,0,7,33,5,0,25,60,.215,.299,.361,.660,81,74,3,0,3,1,0,456H/189D,shortza01
712,Michael Siani*,23,CIN,NL,3,1,0,1,0,0,0,0,0,0,1,1,0,,1.000,,,,0,0,0,0,0,0,/87H,sianimi01
713,Lucas Sims,29,CIN,NL,3,0,0,0,0,0,0,0,0,0,0,0,0,,,,,,0,0,0,0,0,0,1,simslu01
714,Jon Singleton*,31,TOT,MLB,32,101,88,11,15,3,0,2,11,0,0,13,22,.170,.277,.273,.550,53,24,2,0,0,0,0,3/HD,singljo02
715,Jon Singleton*,31,MIL,NL,11,32,29,3,3,1,0,0,2,0,0,3,11,.103,.188,.138,.325,-8,4,0,0,0,0,0,/3DH,singljo02
716,Jon Singleton*,31,HOU,AL,21,69,59,8,12,2,0,2,9,0,0,10,11,.203,.319,.339,.658,83,20,2,0,0,0,0,3/HD,singljo02
717,Jose Siri,27,TBR,AL,101,364,338,58,75,13,2,25,56,12,3,20,130,.222,.267,.494,.761,106,167,5,2,1,3,0,*8/HD,sirijo01
718,Austin Slater,30,SFG,NL,81,191,172,22,45,7,0,5,20,2,2,18,54,.262,.335,.390,.725,100,67,2,1,0,0,0,H87/9D,slateau01
719,Dominic Smith*,28,WSN,NL,141,540,486,52,127,20,1,9,42,1,0,42,86,.261,.331,.362,.694,93,176,11,10,0,2,0,*3/HD,smithdo02
720,Josh H. Smith*,25,TEX,AL,86,223,187,28,34,7,1,5,12,1,0,25,54,.182,.303,.310,.613,68,58,3,8,2,1,0,657H/D4,smithjo11
721,Kevin Smith,26,OAK,AL,42,125,115,14,23,3,0,5,11,1,0,4,43,.200,.233,.357,.590,65,41,2,1,5,0,0,65/H,smithke05
722,Pavin Smith*,27,ARI,NL,69,228,191,26,36,5,0,7,30,1,1,35,45,.188,.317,.325,.642,77,62,3,1,0,0,0,D9H3,smithpa04
723,Will Smith,33,TEX,AL,1,0,0,0,0,0,0,0,0,0,0,0,0,,,,,,0,0,0,0,0,0,1,smithwi04
724,Will Smith,28,LAD,NL,117,513,431,76,114,21,1,18,71,3,0,62,84,.265,.365,.443,.808,117,191,8,11,0,9,2,*2D/H,smithwi05
725,Canaan Smith-Njigba*,24,PIT,NL,15,37,32,3,4,1,1,0,5,1,0,4,16,.125,.216,.219,.435,19,7,1,0,0,1,0,9/H7,smithca05
726,Drew Smyly*,34,CHC,NL,1,0,0,0,0,0,0,0,0,0,0,0,0,,,,,,0,0,0,0,0,0,1,smylydr01
727,Tyler Soderstrom*,21,OAK,AL,35,112,103,8,17,1,0,3,6,0,0,8,37,.165,.232,.262,.494,41,27,6,1,0,0,0,D32/H,soderty01
728,Nick Solak,28,TOT,MLB,2,0,0,1,0,0,0,0,0,0,0,0,0,,,,,,0,0,0,0,0,0,/HD,solakni01
729,Nick Solak,28,ATL,NL,1,0,0,1,0,0,0,0,0,0,0,0,0,,,,,,0,0,0,0,0,0,/H,solakni01
730,Nick Solak,28,DET,AL,1,0,0,0,0,0,0,0,0,0,0,0,0,,,,,,0,0,0,0,0,0,/DH,solakni01
731,Donovan Solano,35,MIN,AL,125,411,361,38,102,25,1,5,38,0,0,38,92,.283,.367,.399,.766,111,144,7,11,0,1,1,3H45D,solando01
732,Jorge Soler,31,MIA,NL,126,532,466,71,112,22,0,35,71,1,0,58,130,.240,.329,.513,.842,125,239,18,5,0,3,2,D9/H,solerjo01
733,Edmundo Sosa,27,PHI,NL,97,273,253,33,65,14,2,9,28,4,2,8,65,.257,.300,.435,.735,98,110,7,8,2,1,0,56H/48,sosaed01
734,Lenyn Sosa,23,CHW,AL,43,143,138,11,27,5,0,5,13,0,0,1,33,.196,.200,.341,.541,44,47,3,0,3,1,0,4/5H,sosale01
735,Juan Soto*,24,SDP,NL,149,652,522,85,137,28,1,30,92,10,5,122,123,.262,.401,.492,.893,150,257,16,2,1,5,8,*7/DH,sotoju01
736,Livan Soto*,23,LAA,AL,4,12,9,2,2,0,0,0,0,0,0,3,2,.222,.417,.222,.639,82,2,0,0,0,0,0,/46,sotoli01
737,George Springer,33,TOR,AL,142,626,559,79,143,22,1,19,64,19,5,57,113,.256,.329,.401,.729,101,224,19,5,0,3,1,*9D/H8,springe01
738,Jacob Stallings,33,MIA,NL,79,248,216,21,43,14,0,3,20,0,0,25,60,.199,.289,.306,.594,63,66,7,3,2,2,0,2/1DH,stallja01
739,Ryne Stanek,31,HOU,AL,1,0,0,0,0,0,0,0,0,0,0,0,0,,,,,,0,0,0,0,0,0,1,stanery01
740,Giancarlo Stanton,33,NYY,AL,94,387,344,43,67,11,0,24,58,0,0,40,110,.195,.282,.436,.718,93,150,9,2,0,1,3,D9/H7,stantmi03
741,Spencer Steer,25,CIN,NL,145,616,535,68,142,31,2,22,81,14,3,66,125,.265,.356,.454,.810,116,243,8,11,0,4,0,3574/DH9,steersp01
742,Michael Stefanic,27,LAA,AL,14,33,27,4,4,1,0,0,3,0,0,6,4,.148,.303,.185,.488,38,5,0,0,0,0,0,/4HD5,stefami01
743,Tyler Stephenson,26,CIN,NL,132,482,432,54,108,18,2,11,50,0,1,45,129,.250,.326,.377,.703,88,163,13,4,0,1,2,2DH/3,stephty01
744,Andrew Stevenson*,29,MIN,AL,15,22,21,2,4,0,0,0,1,4,0,1,5,.190,.227,.190,.418,17,4,0,0,0,0,0,8/H7,stevean01
745,Cal Stevenson*,26,SFG,NL,6,12,9,1,0,0,0,0,0,0,0,3,2,.000,.250,.000,.250,-22,0,0,0,0,0,0,/8,steveca01
746,DJ Stewart*,29,NYM,NL,47,148,130,18,35,8,0,11,26,1,0,11,43,.269,.342,.585,.927,151,76,3,4,1,1,0,9/HD7,stewadj01
747,Trevor Story,30,BOS,AL,32,125,120,8,22,9,0,2,10,8,2,5,45,.183,.216,.308,.524,39,37,2,0,0,0,0,6/DH4,storytr01
748,Bryson Stott*,25,PHI,NL,140,594,543,75,155,30,2,15,59,29,2,36,90,.285,.333,.431,.764,108,234,10,7,0,8,1,*4/HD,stottbr01
749,Kyle Stowers*,25,BAL,AL,14,33,30,1,2,0,0,0,0,0,0,3,12,.067,.152,.067,.218,-35,2,1,0,0,0,0,/97HD,stoweky01
750,Myles Straw,28,CLE,AL,138,489,438,51,100,16,3,1,26,17,5,39,92,.228,.292,.285,.577,63,125,10,2,6,4,0,*8/H,strawmy01
751,Garrett Stubbs*,30,PHI,NL,37,109,98,11,20,4,1,0,8,1,0,8,24,.204,.278,.265,.543,50,26,0,2,1,0,0,2/H7,stubbga01
752,Eugenio Suárez,31,SEA,AL,148,635,547,62,126,24,0,21,88,2,1,63,195,.230,.321,.389,.711,99,213,10,15,0,10,0,*5/D,suareeu01
753,Brett Sullivan*,29,SDP,NL,24,57,54,5,10,3,0,1,5,0,0,2,13,.185,.211,.296,.507,41,16,0,0,0,1,0,2/H5,sullibr01
754,Brent Suter*,33,COL,NL,1,0,0,0,0,0,0,0,0,0,0,0,0,,,,,,0,0,0,0,0,0,1,suterbr01
755,Jack Suwinski*,24,PIT,NL,131,483,402,56,86,20,1,25,66,12,2,70,158,.214,.335,.455,.791,112,183,1,6,0,5,2,*897/HD,suwinja01
756,Seiya Suzuki,28,CHC,NL,126,530,468,66,130,28,5,18,65,6,7,53,122,.278,.349,.474,.823,120,222,8,2,0,7,3,*9/DH,suzukse01
757,Dansby Swanson,29,CHC,NL,135,585,519,72,129,23,3,20,74,7,1,61,143,.249,.330,.420,.750,101,218,7,3,0,2,0,*6,swansda01
758,Domingo Tapia,31,SDP,NL,1,0,0,0,0,0,0,0,0,0,0,0,0,,,,,,0,0,0,0,0,0,1,tapiado01
759,Raimel Tapia*,29,TOT,MLB,59,158,139,24,32,4,1,3,13,8,2,15,39,.230,.308,.338,.646,75,47,2,1,1,1,0,9H7/8D,tapiara01
760,Raimel Tapia*,29,BOS,AL,39,97,87,14,23,4,1,1,10,6,1,9,19,.264,.333,.368,.701,89,32,1,0,0,0,0,H7/89D,tapiara01
761,Raimel Tapia*,29,MIL,NL,20,61,52,10,9,0,0,2,3,2,1,6,20,.173,.267,.288,.555,52,15,1,1,1,1,0,9/H87,tapiara01
762,Fernando Tatis Jr.,24,SDP,NL,128,581,525,85,138,31,1,25,77,26,4,49,125,.263,.328,.469,.796,121,246,14,3,1,3,0,*9/8D4H,tatisfe02
763,Mike Tauchman*,32,CHC,NL,97,359,303,58,76,15,0,7,45,6,1,49,73,.251,.358,.370,.727,98,112,3,3,1,3,0,8HD9/7,tauchmi01
764,Leody Taveras#,24,TEX,AL,129,502,467,59,126,30,3,12,60,14,4,28,108,.270,.311,.424,.735,98,198,2,1,3,3,0,*8/HD,taverle01
765,Chris Taylor,32,LAD,NL,107,347,305,47,73,14,1,15,52,15,2,38,111,.239,.329,.439,.768,105,134,2,3,0,1,2,765H/D84,tayloch03
766,Michael A. Taylor,32,MIN,AL,120,354,327,45,75,14,0,20,47,13,1,21,118,.229,.281,.456,.737,98,149,7,3,2,1,0,*8H,taylomi02
767,Samad Taylor,24,KCR,AL,31,69,60,11,12,2,1,0,4,8,0,7,22,.200,.279,.267,.546,52,16,1,0,1,1,0,74H/58,taylosa04
768,Tyrone Taylor,29,MIL,NL,71,206,196,30,46,13,1,7,27,8,0,6,42,.235,.267,.418,.685,84,82,9,3,0,1,0,97H/8D,tayloty01
769,Rowdy Tellez*,28,MIL,NL,97,333,295,25,64,8,1,13,46,0,0,33,82,.217,.291,.383,.674,83,113,11,0,0,5,2,3DH,tellero01
770,José Tena*,22,CLE,AL,11,23,21,2,4,1,0,0,2,0,0,2,11,.190,.261,.238,.499,42,5,0,0,0,0,0,/6H54D,tenajo01
771,Matt Thaiss*,28,LAA,AL,95,307,262,32,56,6,0,9,31,2,0,36,83,.214,.319,.340,.659,80,89,4,6,0,3,1,2H/D3,thaisma01
772,Alek Thomas*,23,ARI,NL,113,355,330,47,78,15,4,9,35,9,1,17,79,.236,.278,.388,.665,80,128,4,3,2,3,1,*8H/D,thomaal01
773,Cody Thomas*,28,OAK,AL,19,46,42,1,10,3,0,1,2,0,0,4,17,.238,.304,.381,.685,94,16,1,0,0,0,0,9/HD7,thomaco01
774,Lane Thomas,27,WSN,NL,143,621,572,94,156,33,3,25,79,18,3,33,159,.273,.320,.472,.792,116,270,5,10,0,6,0,*98/HD1,thomala02
775,Bubba Thompson,25,TEX,AL,37,60,53,10,9,4,1,0,4,4,2,4,16,.170,.237,.283,.520,41,15,0,1,1,1,0,7H/9D8,thompbu01
776,Trayce Thompson,32,TOT,MLB,59,140,121,16,19,1,0,6,16,1,0,18,61,.157,.271,.314,.585,59,38,1,1,0,0,0,8H79/D,thomptr01
777,Trayce Thompson,32,LAD,NL,36,87,71,12,11,0,0,5,14,0,0,15,37,.155,.310,.366,.677,82,26,0,1,0,0,0,8H7/9D,thomptr01
778,Trayce Thompson,32,CHW,AL,23,53,50,4,8,1,0,1,2,1,0,3,24,.160,.208,.240,.448,22,12,1,0,0,0,0,/89H7,thomptr01
779,Michael Toglia#,24,COL,NL,45,152,141,18,23,5,0,4,9,1,1,10,50,.163,.224,.284,.507,31,40,3,1,0,0,0,39/HD7,toglimi01
780,Justin Topa,32,SEA,AL,1,0,0,0,0,0,0,0,0,0,0,0,0,,,,,,0,0,0,0,0,0,1,topaju01
781,Spencer Torkelson,23,DET,AL,146,627,554,82,130,32,1,28,83,3,0,64,154,.235,.317,.448,.765,107,248,13,5,0,4,1,*3/D,torkesp01
782,Abraham Toro#,26,MIL,NL,9,21,18,4,8,0,0,2,9,0,0,2,5,.444,.524,.778,1.302,250,14,0,1,0,0,0,/5H3D,toroab01
783,Luis Torrens,27,TOT,MLB,14,23,21,1,6,2,0,0,3,0,0,1,8,.286,.348,.381,.729,98,8,0,1,0,0,0,/DH27,torrelu01
784,Luis Torrens,27,CHC,NL,13,22,20,1,5,1,0,0,3,0,0,1,8,.250,.318,.300,.618,69,6,0,1,0,0,0,/DH27,torrelu01
785,Luis Torrens,27,SEA,AL,1,1,1,0,1,1,0,0,0,0,0,0,0,1.000,1.000,2.000,3.000,713,2,0,0,0,0,0,/DH,torrelu01
786,Gleyber Torres,26,NYY,AL,146,621,551,84,150,26,2,25,65,13,6,61,90,.272,.345,.463,.807,119,255,18,3,0,6,0,*4D/H,torregl01
787,Ezequiel Tovar,21,COL,NL,140,560,528,74,136,33,4,15,71,11,5,23,149,.258,.292,.420,.713,82,222,9,4,2,3,0,*6,tovarez01
788,Taylor Trammell*,25,SEA,AL,22,56,46,7,6,0,0,3,11,0,1,9,22,.130,.286,.326,.612,72,15,2,1,0,0,0,7/DH8,trammta01
789,Alan Trejo,27,COL,NL,76,205,189,20,42,11,0,3,22,5,0,12,50,.222,.270,.328,.598,55,62,3,1,1,2,0,45H/61D,trejoal01
790,Jose Trevino,30,NYY,AL,55,168,157,15,33,4,0,4,15,0,0,8,22,.210,.257,.312,.570,55,49,6,2,1,0,0,2/H,trevijo01
791,Jared Triolo,25,PIT,NL,41,154,136,17,34,2,0,1,16,4,1,14,48,.250,.331,.287,.618,71,39,0,3,0,1,0,5/4H3D,triolja01
792,Chadwick Tromp,28,ATL,NL,6,16,16,1,2,1,0,0,1,0,0,0,7,.125,.125,.188,.313,-18,3,0,0,0,0,0,/2,trompch01
793,Mike Trout,31,LAA,AL,82,362,308,54,81,14,1,18,44,2,0,45,104,.263,.367,.490,.858,130,151,4,7,0,2,2,8/DH,troutmi01
794,Cole Tucker#,26,COL,NL,5,10,8,2,4,0,0,0,2,0,0,1,2,.500,.600,.500,1.100,192,4,0,1,0,0,0,/H8D9,tuckeco01
795,Kyle Tucker*,26,HOU,AL,145,622,530,87,150,32,2,27,105,28,5,74,83,.283,.369,.504,.872,139,267,11,3,0,9,7,*9/DH,tuckeky01
796,Brice Turang*,23,MIL,NL,124,417,376,41,83,9,3,6,33,22,4,36,90,.221,.289,.309,.598,64,116,7,1,2,2,1,*46H/D,turanbr02
797,Justin Turner,38,BOS,AL,135,584,519,84,147,30,0,23,94,4,0,49,97,.283,.353,.474,.827,120,246,10,10,0,6,0,D34/5H,turneju01
798,Trea Turner,30,PHI,NL,144,643,597,96,161,32,5,26,75,27,0,41,145,.270,.320,.471,.791,113,281,10,4,0,1,2,*6/D,turnetr01
799,Luis Urías,26,TOT,MLB,49,166,136,16,25,6,0,3,17,0,0,19,39,.184,.323,.294,.617,70,40,4,9,0,0,0,45/H,uriaslu01
800,Luis Urías,26,MIL,NL,20,68,55,5,8,2,0,1,5,0,0,7,15,.145,.299,.236,.535,50,13,1,5,0,0,0,45/H,uriaslu01
801,Luis Urías,26,BOS,AL,29,98,81,11,17,4,0,2,12,0,0,12,24,.210,.340,.333,.674,83,27,3,4,0,0,0,4/5H,uriaslu01
802,Ramón Urías,29,BAL,AL,106,374,339,43,91,22,2,4,42,3,1,26,92,.268,.334,.381,.715,100,129,9,8,0,1,0,543H/D,uriasra01
803,Gio Urshela,31,LAA,AL,62,228,214,22,64,8,1,2,24,3,2,10,36,.299,.329,.374,.703,91,80,9,1,0,3,0,53/6H4,urshegi01
804,Enmanuel Valdez*,24,BOS,AL,41,127,118,14,29,5,0,5,15,4,1,7,32,.246,.294,.415,.709,88,49,3,1,0,0,0,4/H6,valdeen01
805,Ildemaro Vargas#,31,WSN,NL,77,252,232,28,59,12,1,4,29,1,1,16,16,.254,.304,.366,.670,85,85,10,1,2,1,0,54H67/19,vargail01
806,Miguel Vargas,23,LAD,NL,81,304,256,36,50,15,4,7,32,3,2,38,61,.195,.305,.367,.672,81,94,1,4,1,4,1,4H/3D,vargami01
807,Daulton Varsho*,26,TOR,AL,147,537,485,59,106,22,2,16,52,15,7,43,126,.219,.286,.371,.657,81,180,5,4,1,3,0,*78/HD,varshda01
808,Andrew Vaughn,25,CHW,AL,139,563,518,64,135,28,2,20,75,0,0,32,114,.261,.316,.438,.754,103,227,14,11,0,2,0,*3/DH,vaughan01
809,Terrin Vavra*,26,BAL,AL,27,56,49,9,12,0,0,0,5,1,0,5,12,.245,.315,.245,.560,60,12,5,0,2,0,0,9/7HD54,vavrate01
810,Christian Vázquez,32,MIN,AL,94,324,298,31,64,11,0,6,28,0,0,23,74,.215,.272,.312,.585,61,93,10,1,1,1,1,2/3H4,vazquch01
811,Andrew Velazquez#,28,LAA,AL,54,94,81,12,14,3,0,2,3,13,3,10,30,.173,.264,.284,.548,49,23,1,0,3,0,0,6H4/8,velazan01
812,Nelson Velázquez,24,TOT,MLB,42,133,120,26,29,5,0,13,26,0,0,11,37,.242,.308,.608,.917,142,73,3,1,0,1,0,9D/H78,velazne01
813,Nelson Velázquez,24,CHC,NL,13,32,29,8,7,2,0,3,6,0,0,3,8,.241,.313,.621,.933,144,18,1,0,0,0,0,/DH987,velazne01
814,Nelson Velázquez,24,KCR,AL,29,101,91,18,22,3,0,10,20,0,0,8,29,.242,.307,.604,.911,142,55,2,1,0,1,0,9D/7H,velazne01
815,Alex Verdugo*,27,BOS,AL,131,570,517,79,139,36,5,13,54,4,3,42,86,.269,.328,.433,.761,103,224,9,6,0,5,1,*9/H,verdual01
816,Alex Vesia*,27,LAD,NL,2,0,0,0,0,0,0,0,0,0,0,0,0,,,,,,0,0,0,0,0,0,1,vesiaal01
817,Mark Vientos,23,NYM,NL,52,183,170,13,35,5,1,5,15,0,0,8,57,.206,.251,.335,.587,61,57,4,3,0,2,0,D5/3H,vientma01
818,Matt Vierling,26,DET,AL,120,470,426,53,112,16,3,9,38,6,6,37,100,.263,.328,.378,.706,94,161,8,5,1,1,1,*9785H/4,vierlma01
819,David Villar,26,SFG,NL,46,140,124,15,18,6,0,5,12,1,1,11,45,.145,.236,.315,.550,50,39,1,4,0,1,0,45/3HD1,villada01
820,Meibrys Viloria*,26,CLE,AL,10,4,3,0,0,0,0,0,0,0,0,1,0,.000,.250,.000,.250,-20,0,1,0,0,0,0,2,vilorme01
821,Daniel Vogelbach*,30,NYM,NL,102,317,273,33,63,7,0,13,45,0,0,42,81,.231,.338,.399,.737,104,109,6,2,0,0,1,DH,vogelda01
822,Luke Voit,32,MIL,NL,22,74,68,5,15,3,0,0,4,2,0,4,27,.221,.284,.265,.548,52,18,3,2,0,0,0,3D/H,voitlu01
823,Anthony Volpe,22,NYY,AL,147,556,498,60,105,20,4,20,59,24,5,50,152,.211,.288,.388,.676,83,193,9,5,1,2,0,*6/H,volpean01
824,Jason Vosler*,29,CIN,NL,20,65,62,6,10,2,1,3,10,0,0,3,25,.161,.200,.371,.571,49,23,0,0,0,0,0,3/51H,vosleja01
825,Joey Votto*,39,CIN,NL,55,212,184,23,36,5,0,14,35,0,0,23,56,.196,.302,.451,.753,98,83,2,5,0,0,0,3D/H,vottojo01
826,LaMonte Wade Jr.*,29,SFG,NL,125,483,400,59,105,14,1,15,41,2,0,72,91,.263,.379,.415,.794,120,166,4,5,3,3,2,*3H7/9D8,wadela01
827,Tyler Wade*,28,OAK,AL,26,55,51,8,13,1,1,0,2,4,0,4,13,.255,.309,.314,.623,79,16,0,0,0,0,0,6/H759D,wadety01
828,Christian Walker,32,ARI,NL,146,614,540,78,141,35,1,30,92,9,0,59,119,.261,.338,.496,.834,125,268,10,7,0,7,3,*3/DH,walkech02
829,Jordan Walker,21,STL,NL,103,407,367,44,100,16,1,15,46,6,4,32,92,.272,.339,.444,.783,113,163,7,6,0,2,0,97/DH,walkejo02
830,Forrest Wall*,27,ATL,NL,8,4,4,3,1,1,0,0,0,2,1,0,2,.250,.250,.500,.750,94,2,0,0,0,0,0,/H7D8,wallfo01
831,Chad Wallach,31,LAA,AL,64,168,153,18,31,5,1,7,15,0,1,13,57,.203,.265,.386,.651,74,59,5,0,2,0,0,2/HD3,wallach01
832,Matt Wallner*,25,MIN,AL,64,213,180,34,43,7,1,12,33,2,1,21,68,.239,.357,.489,.846,130,88,0,12,0,0,0,79/DH,wallnma01
833,Taylor Walls#,26,TBR,AL,90,316,275,49,57,11,2,8,32,22,1,40,82,.207,.310,.349,.659,84,96,1,1,0,0,0,546/H,wallsta01
834,Jared Walsh*,29,LAA,AL,30,83,72,7,10,4,0,3,8,0,0,11,27,.139,.253,.319,.572,54,23,1,0,0,0,0,3/H9,walshja01
835,Taylor Ward,29,LAA,AL,97,409,356,60,90,18,0,14,47,4,2,39,80,.253,.335,.421,.756,104,150,9,8,0,6,0,7/H3,wardta01
836,Drew Waters#,24,KCR,AL,88,306,274,38,63,7,5,8,29,13,4,25,100,.230,.304,.380,.683,87,104,4,5,0,2,0,89/D7H,waterdr01
837,Austin Wells*,23,NYY,AL,9,38,34,2,4,2,0,0,4,0,0,2,10,.118,.162,.176,.339,-7,6,2,0,0,1,0,/2,wellsau01
838,Joey Wendle*,33,MIA,NL,105,304,284,32,63,16,3,2,20,7,0,12,64,.222,.256,.320,.576,56,91,7,2,3,3,0,*6/H,wendljo01
839,Hayden Wesneski,25,CHC,NL,2,0,0,0,0,0,0,0,0,0,0,0,0,,,,,,0,0,0,0,0,0,1,wesneha01
840,Jordan Westburg,24,BAL,AL,58,202,184,24,50,15,2,3,21,4,1,14,44,.272,.322,.424,.746,107,78,3,1,0,3,0,45H/D,westbjo01
841,Eli White,29,ATL,NL,6,17,14,1,1,0,0,0,0,0,0,2,7,.071,.235,.071,.307,-11,1,0,1,0,0,0,/8H,whiteel04
842,Garrett Whitlock,27,BOS,AL,1,0,0,0,0,0,0,0,0,0,0,0,0,,,,,,0,0,0,0,0,0,1,whitlga01
843,Joey Wiemer,24,MIL,NL,132,410,367,48,75,19,0,13,42,11,4,36,116,.204,.283,.362,.645,75,133,4,5,0,2,0,*89/H7,wiemejo01
844,Alika Williams,24,PIT,NL,40,103,92,7,20,5,0,0,6,0,0,9,30,.217,.294,.272,.566,56,25,2,1,1,0,0,6/H,willial04
845,Luke Williams,26,TOT,NL,7,12,12,1,1,0,0,0,0,1,0,0,4,.083,.083,.083,.167,-55,1,0,0,0,0,0,/H6D71,willilu01
846,Luke Williams,26,LAD,NL,4,10,10,0,1,0,0,0,0,1,0,0,3,.100,.100,.100,.200,-45,1,0,0,0,0,0,/61H,willilu01
847,Luke Williams,26,ATL,NL,3,2,2,1,0,0,0,0,0,0,0,0,1,.000,.000,.000,.000,-100,0,0,0,0,0,0,/HD7,willilu01
848,Weston Wilson,28,PHI,NL,5,12,6,3,2,0,0,1,1,1,1,6,1,.333,.667,.833,1.500,308,5,0,0,0,0,0,/7H9,wilsowe01
849,Jesse Winker*,29,MIL,NL,61,197,166,16,33,5,0,1,23,0,0,26,51,.199,.320,.247,.567,59,41,0,4,0,1,0,DH/97,winkeje01
850,Masyn Winn,21,STL,NL,24,89,81,7,14,2,0,1,5,2,1,5,15,.173,.218,.235,.453,25,19,1,0,2,1,0,6,winnma01
851,Patrick Wisdom,31,CHC,NL,89,280,247,40,50,7,1,21,41,4,2,29,102,.202,.290,.494,.784,107,122,4,2,1,1,0,5H3D/79,wisdopa01
852,Brett Wisely*,24,SFG,NL,51,131,120,10,21,5,0,2,8,2,1,9,40,.175,.231,.267,.497,37,32,2,0,1,1,0,48/H716,wiselbr01
853,Bobby Witt,23,KCR,AL,145,637,589,86,165,27,8,29,90,47,10,36,112,.280,.322,.501,.823,122,295,8,4,1,7,1,*6D/H,wittbo02
854,Nick Wittgren,32,KCR,AL,1,0,0,0,0,0,0,0,0,0,0,0,0,,,,,,0,0,0,0,0,0,1,wittgni01
855,Connor Wong,27,BOS,AL,115,372,343,54,84,24,2,9,36,6,2,22,119,.245,.299,.405,.704,88,139,3,5,1,1,0,*2/H4D,wongco01
856,Kolten Wong*,32,TOT,MLB,77,231,207,23,35,6,0,4,25,3,2,17,49,.169,.242,.256,.498,40,53,1,4,0,3,0,4H/D,wongko01
857,Kolten Wong*,32,SEA,AL,67,216,194,21,32,6,0,2,19,1,1,16,46,.165,.241,.227,.468,33,44,0,4,0,2,0,4/H,wongko01
858,Kolten Wong*,32,LAD,NL,10,15,13,2,3,0,0,2,6,2,1,1,3,.231,.267,.692,.959,147,9,1,0,0,1,0,/H4D,wongko01
859,Austin Wynns,32,TOT,NL,44,123,108,9,23,5,0,1,9,1,0,9,34,.213,.283,.287,.570,50,31,4,2,3,1,0,2/H,wynnsau01
860,Austin Wynns,32,SFG,NL,1,2,2,0,0,0,0,0,0,0,0,0,2,.000,.000,.000,.000,-100,0,0,0,0,0,0,/2,wynnsau01
861,Austin Wynns,32,LAD,NL,5,12,11,0,2,1,0,0,2,0,0,1,5,.182,.250,.273,.523,42,3,0,0,0,0,0,/2,wynnsau01
862,Austin Wynns,32,COL,NL,38,109,95,9,21,4,0,1,7,1,0,8,27,.221,.292,.295,.587,54,28,4,2,3,1,0,2/H,wynnsau01
863,Ryan Yarbrough,31,TOT,MLB,1,0,0,0,0,0,0,0,0,0,0,0,0,,,,,,0,0,0,0,0,0,1,yarbrry01
864,Ryan Yarbrough,31,LAD,NL,1,0,0,0,0,0,0,0,0,0,0,0,0,,,,,,0,0,0,0,0,0,/1,yarbrry01
865,Mike Yastrzemski*,32,SFG,NL,93,339,300,51,74,22,1,14,40,1,2,36,88,.247,.329,.467,.796,117,140,3,1,2,0,3,987/HD,yastrmi01
866,Christian Yelich*,31,MIL,NL,137,601,525,98,143,31,1,17,70,27,3,72,133,.272,.363,.432,.795,117,227,14,3,0,1,7,*7D/H,yelicch01
867,Juan Yepez,25,STL,NL,20,46,42,5,9,1,0,2,2,0,1,3,13,.214,.283,.381,.664,80,16,0,1,0,0,0,/7DH9,yepezju01
868,Masataka Yoshida*,29,BOS,AL,129,543,500,69,143,29,3,15,68,8,0,34,74,.286,.339,.446,.785,109,223,20,7,0,2,0,7D/H,yoshima02
869,Alex Young*,29,CIN,NL,2,0,0,0,0,0,0,0,0,0,0,0,0,,,,,,0,0,0,0,0,0,1,youngal01
870,Jacob Young,23,WSN,NL,20,72,64,6,15,5,0,0,5,6,0,5,14,.234,.290,.313,.602,68,20,2,0,3,0,0,8/DH,youngja03
871,Jared Young*,27,CHC,NL,13,39,35,7,6,0,2,1,5,2,0,3,11,.171,.256,.371,.628,67,13,1,1,0,0,0,3/DH,youngja02
872,Seby Zavala,29,TOT,MLB,71,188,171,16,29,3,0,7,18,1,0,11,69,.170,.226,.310,.536,44,53,4,2,2,2,0,2/H1,zavalse01
873,Seby Zavala,29,CHW,AL,66,176,161,15,25,3,0,7,16,1,0,10,68,.155,.207,.304,.511,37,49,4,1,2,2,0,2/H,zavalse01
874,Seby Zavala,29,ARI,NL,5,12,10,1,4,0,0,0,2,0,0,1,1,.400,.500,.400,.900,152,4,0,1,0,0,0,/21,zavalse01
875,Mike Zunino,32,CLE,AL,42,140,124,11,22,7,0,3,11,0,0,15,61,.177,.271,.306,.578,62,38,3,1,0,0,0,2,zuninmi01
,LgAvg per 600 PA,,,,166,600,536,73,133,27,2,19,70,11,3,51,136,.247,.319,.413,.731,,221,11,7,1,4,1,,-9999
